"date","geography","geography code","Rural Urban","Age: All usual residents; measures: Value","Age: Age 0 to 4; measures: Value","Age: Age 5 to 7; measures: Value","Age: Age 8 to 9; measures: Value","Age: Age 10 to 14; measures: Value","Age: Age 15; measures: Value","Age: Age 16 to 17; measures: Value","Age: Age 18 to 19; measures: Value","Age: Age 20 to 24; measures: Value","Age: Age 25 to 29; measures: Value","Age: Age 30 to 44; measures: Value","Age: Age 45 to 59; measures: Value","Age: Age 60 to 64; measures: Value","Age: Age 65 to 74; measures: Value","Age: Age 75 to 84; measures: Value","Age: Age 85 to 89; measures: Value","Age: Age 90 and over; measures: Value","Age: Mean Age; measures: Value","Age: Median Age; measures: Value"
"2011","Berwick-upon-Tweed","E14000554","Total",75718,3476,2107,1449,3995,825,1687,1486,3665,3716,12655,17567,6331,9169,5497,1367,726,44.4,47.0
"2011","Bishop Auckland","E14000569","Total",87143,4761,2674,1623,4947,1036,2082,2207,4881,4727,15764,19112,6708,8941,5545,1427,708,42.1,44.0
"2011","Blaydon","E14000574","Total",88281,4901,2681,1689,4966,1086,2065,1936,4545,4907,17010,18715,6289,9456,5957,1453,625,42.2,43.0
"2011","Blyth Valley","E14000575","Total",82174,4566,2830,1730,4699,1060,2064,2051,4627,4757,15887,17534,6300,7961,4464,1113,531,40.9,42.0
"2011","City of Durham","E14000641","Total",94375,4376,2537,1607,4381,870,1907,5021,11445,6143,16647,17865,6168,8700,4943,1186,579,39.4,38.0
"2011","Darlington","E14000658","Total",91417,5834,3292,1979,5433,1133,2368,2107,5460,6046,18135,18348,5574,8152,5341,1493,722,39.8,40.0
"2011","Easington","E14000677","Total",82769,4942,2671,1651,4682,1041,2085,2210,5331,5294,15585,17574,5069,7908,5171,1079,476,40.4,41.0
"2011","Gateshead","E14000709","Total",94506,5902,3107,1915,4934,1137,2314,2608,6615,8011,19982,18106,5193,7641,5219,1203,619,38.8,37.0
"2011","Hartlepool","E14000733","Total",92028,5698,3202,1990,5653,1257,2570,2451,5955,5622,16869,19326,5837,8174,5568,1323,533,39.8,40.0
"2011","Hexham","E14000746","Total",76236,3425,2346,1618,4314,930,1904,1569,3442,3104,12445,18176,6195,8984,5628,1391,765,44.3,47.0
"2011","Houghton and Sunderland South","E14000754","Total",87002,4775,2732,1771,4977,1078,2169,2161,5171,4930,16609,18597,5988,8666,5597,1255,526,41.3,42.0
"2011","Jarrow","E14000765","Total",83260,4720,2599,1694,4743,1089,2044,2036,4909,4999,15739,18328,5515,7561,5423,1355,506,41.1,42.0
"2011","Middlesbrough","E14000819","Total",93865,6720,3569,2115,5701,1237,2545,3451,9044,7141,17453,17215,4592,6810,4707,1073,492,36.6,34.0
"2011","Middlesbrough South and East Cleveland","E14000820","Total",92826,5368,3135,1955,5497,1130,2444,2183,5264,5163,16708,19977,6764,9347,5713,1413,765,41.3,43.0
"2011","Newcastle upon Tyne Central","E14000831","Total",93693,6739,3404,2123,5405,1025,2282,4660,9522,8470,18865,15578,4200,5689,4055,1028,648,35.4,32.0
"2011","Newcastle upon Tyne East","E14000832","Total",95589,4196,2129,1425,3825,806,1689,6384,21104,8782,15554,14728,4076,5452,3827,1055,557,34.9,28.0
"2011","Newcastle upon Tyne North","E14000833","Total",90895,5587,3001,1953,5258,1098,2185,2267,5386,5696,17553,18646,5857,8239,5975,1495,699,40.6,41.0
"2011","North Durham","E14000840","Total",86883,4991,2756,1748,4776,1037,2124,2063,4902,5162,16808,18763,5971,8910,5144,1167,561,41.2,42.0
"2011","North Tyneside","E14000853","Total",102042,6133,3328,1932,5367,1221,2319,2316,5988,7233,21238,21671,6524,8706,5964,1411,691,40.3,40.0
"2011","North West Durham","E14000856","Total",92119,5354,2812,1771,5089,1065,2092,2050,4739,5373,18185,19823,6610,9368,5569,1491,728,41.7,43.0
"2011","Redcar","E14000891","Total",86898,4896,2836,1764,5090,1156,2366,2387,5474,5089,15373,18158,5686,9094,5694,1305,530,41.1,42.0
"2011","Sedgefield","E14000915","Total",84100,4895,2866,1746,4785,1030,2170,1977,4468,4490,15943,18275,5980,8621,5094,1218,542,41.3,43.0
"2011","South Shields","E14000944","Total",82294,4528,2555,1621,4470,1088,2090,2170,5482,5043,15171,17760,5236,7584,5445,1389,662,41.1,42.0
"2011","Stockton North","E14000970","Total",92033,6100,3308,1930,5462,1110,2525,2534,6312,6233,17242,18948,5521,7797,5256,1225,530,39.1,39.0
"2011","Stockton South","E14000971","Total",99577,6222,3516,2219,5995,1245,2643,2762,6339,6369,20293,20704,6127,8305,5112,1204,522,39.0,39.0
"2011","Sunderland Central","E14000982","Total",99885,5266,2901,1866,5140,1118,2335,3275,8932,6525,18809,20716,5823,8651,6503,1358,667,40.2,40.0
"2011","Tynemouth","E14001006","Total",98759,5599,3249,2144,5554,1186,2312,2105,4920,5178,20406,21048,6535,9390,6523,1744,866,41.6,42.0
"2011","Wansbeck","E14001014","Total",81900,4536,2580,1685,4669,1026,1976,1886,4490,4610,15169,17858,5707,8252,5429,1362,665,41.8,43.0
"2011","Washington and Sunderland West","E14001020","Total",88619,5337,2966,1897,5238,1130,2249,2272,5606,5490,17436,19228,6200,7714,4500,963,393,39.7,40.0
"2011","Altrincham and Sale West","E14000532","Total",96591,6091,3622,2410,6113,1219,2590,1882,4336,5236,20636,20112,5741,8481,5735,1579,808,40.1,41.0
"2011","Ashton-under-Lyne","E14000537","Total",90484,5917,3161,1923,5534,1160,2458,2273,5814,6129,18419,18157,5453,7836,4523,1175,552,38.9,39.0
"2011","Barrow and Furness","E14000543","Total",88826,4561,2770,1807,5018,1131,2323,2076,4831,4790,16611,18903,6495,9786,5554,1362,808,42.2,43.0
"2011","Birkenhead","E14000559","Total",88818,6049,3177,1989,5405,1149,2456,2255,5828,5856,17661,17752,5300,7557,4602,1119,663,38.8,39.0
"2011","Blackburn","E14000570","Total",107246,8788,4905,3107,7910,1719,3251,2727,7372,8404,22362,18168,5264,7078,4487,1149,555,35.2,33.0
"2011","Blackley and Broughton","E14000571","Total",110754,10001,4989,2989,7391,1550,2950,2817,8676,10582,24471,17324,4659,6428,4202,1141,584,34.0,31.0
"2011","Blackpool North and Cleveleys","E14000572","Total",83391,4393,2536,1610,4714,947,2038,1833,4418,4513,15305,16873,5729,9417,6425,1778,862,43.1,44.0
"2011","Blackpool South","E14000573","Total",81266,4833,2720,1585,4585,965,2022,2133,5118,5090,15371,16817,5336,7892,4839,1251,709,40.7,41.0
"2011","Bolton North East","E14000578","Total",95288,6390,3477,2186,5901,1227,2563,2297,6609,6487,19195,17977,5860,8256,5038,1261,564,38.7,38.0
"2011","Bolton South East","E14000579","Total",101747,7912,4190,2661,6943,1359,2825,2778,7120,7194,21386,17855,5474,7916,4347,1209,578,36.6,35.0
"2011","Bolton West","E14000580","Total",94523,5436,3220,1987,5780,1230,2452,2093,5258,5642,19103,20138,6480,8727,5017,1349,611,40.3,41.0
"2011","Bootle","E14000581","Total",98449,6306,3242,2137,6039,1286,2637,2693,6774,6458,18794,20840,5681,8319,5493,1153,597,39.2,39.0
"2011","Burnley","E14000609","Total",87059,5847,3211,1956,5040,1090,2221,2229,5574,5751,16979,17186,5841,7595,4606,1276,657,39.4,39.0
"2011","Bury North","E14000611","Total",87218,5425,3115,2064,5363,1088,2322,2038,5008,5364,17730,17696,5778,7917,4586,1143,581,39.6,40.0
"2011","Bury South","E14000612","Total",97842,6810,3760,2169,5998,1333,2505,2259,5680,6258,20247,19576,5934,8375,5037,1254,647,38.9,39.0
"2011","Carlisle","E14000620","Total",85979,5130,2758,1604,4471,934,1992,2450,5610,5816,16863,17485,5537,7862,5339,1409,719,40.7,41.0
"2011","Cheadle","E14000627","Total",91023,4866,3141,1993,5586,1167,2533,1868,4307,4012,16995,19663,6202,9559,6683,1632,816,42.4,44.0
"2011","Chorley","E14000637","Total",94932,5710,3377,2016,5445,1240,2283,1988,5398,5479,19658,19741,6707,9153,4837,1248,652,40.3,41.0
"2011","City of Chester","E14000640","Total",92995,5032,2790,1680,4620,956,2000,3004,7581,6609,18691,17801,5599,8344,5834,1588,866,40.4,40.0
"2011","Congleton","E14000646","Total",91960,4642,2911,1822,5327,1142,2381,1874,4169,4123,17539,20145,7184,10382,5948,1545,826,42.9,45.0
"2011","Copeland","E14000647","Total",80891,4083,2445,1573,4406,979,2013,1776,4233,4382,14830,18182,6099,8729,5314,1233,614,42.6,44.0
"2011","Crewe and Nantwich","E14000653","Total",107271,6636,3737,2331,6253,1316,2707,3127,7027,6695,21545,21326,6655,9617,5948,1587,764,39.6,40.0
"2011","Denton and Reddish","E14000661","Total",85832,5441,2853,1739,5006,1112,2177,2122,5353,5787,17617,17456,5212,7684,4644,1123,506,39.5,40.0
"2011","Eddisbury","E14000686","Total",85633,4506,2957,1896,5130,1085,2266,1952,4005,3767,15696,18882,6547,9465,5413,1351,715,42.4,44.0
"2011","Ellesmere Port and Neston","E14000688","Total",86913,4803,2774,1782,5196,1048,2116,2077,4890,4849,16475,18731,6022,8879,5458,1217,596,41.4,43.0
"2011","Fylde","E14000706","Total",81914,3973,2374,1576,4433,900,1956,1707,3734,3914,14281,17918,6035,9512,6812,1839,950,44.4,46.0
"2011","Garston and Halewood","E14000708","Total",97697,5589,3118,1982,5652,1278,2603,2517,6264,6360,18098,21058,5979,8603,6442,1515,639,40.6,41.0
"2011","Halton","E14000725","Total",94995,6199,3248,2063,5567,1196,2478,2429,6273,6322,18599,19573,6177,8145,5054,1150,522,39.2,39.0
"2011","Hazel Grove","E14000738","Total",79173,4404,2564,1660,4587,999,1941,1674,3911,3732,14373,16758,5875,8816,5720,1420,739,42.8,44.0
"2011","Heywood and Middleton","E14000747","Total",103894,6543,3612,2163,6308,1406,2740,2642,6624,6527,20427,21668,6605,8758,5737,1470,664,39.5,40.0
"2011","Hyndburn","E14000758","Total",92494,6271,3498,2205,5799,1316,2531,2222,5775,6063,18745,17736,5759,7996,4778,1206,594,38.7,39.0
"2011","Knowsley","E14000775","Total",103910,6617,3626,2273,6473,1504,2945,2898,7120,6689,19236,22284,5849,8430,6245,1232,489,39.0,39.0
"2011","Lancaster and Fleetwood","E14000776","Total",86650,4283,2315,1458,4410,983,2148,5371,10801,5222,14230,15555,5038,7793,5118,1274,651,38.9,37.0
"2011","Leigh","E14000785","Total",102997,6572,3711,2175,5914,1310,2611,2419,6201,6546,21851,20873,6751,9523,4806,1163,571,39.3,40.0
"2011","Liverpool, Riverside","E14000793","Total",114920,4822,2325,1412,4030,883,1849,8376,23044,13236,22439,15912,4808,6250,4076,942,516,34.4,28.0
"2011","Liverpool, Walton","E14000794","Total",91876,5658,2983,1942,5288,1230,2367,2511,6918,7331,18874,18354,5052,7198,4745,1011,414,38.3,37.0
"2011","Liverpool, Wavertree","E14000795","Total",91501,5487,2772,1711,4821,988,2079,2970,9669,7915,18417,17183,4868,6558,4598,979,486,37.6,35.0
"2011","Liverpool, West Derby","E14000796","Total",90537,5716,3074,2076,5809,1312,2483,2461,6033,6326,18051,18837,4818,6957,5036,1094,454,38.5,38.0
"2011","Macclesfield","E14000802","Total",93268,4794,2875,1859,5416,1088,2292,1887,4264,4738,18041,20714,6835,9731,6180,1654,900,42.7,44.0
"2011","Makerfield","E14000805","Total",98202,5888,3458,2220,5676,1274,2597,2360,5670,5872,20687,19359,6982,9843,4786,1050,480,39.8,40.0
"2011","Manchester Central","E14000807","Total",134326,8590,4203,2348,6025,1310,2513,8813,23988,17916,28299,16212,3887,5669,3408,747,398,31.4,27.0
"2011","Manchester, Gorton","E14000808","Total",111198,8781,4398,2575,6421,1329,2456,6576,16026,10990,24151,14988,3342,4871,3197,733,364,31.6,28.0
"2011","Manchester, Withington","E14000809","Total",99212,5651,2958,1809,4548,912,1874,2571,15319,12869,23110,14250,3537,4830,3508,948,518,34.3,30.0
"2011","Morecambe and Lunesdale","E14000825","Total",87683,4903,2766,1759,5310,1029,2178,2001,4477,4565,15804,17885,6250,9823,6319,1746,868,42.6,44.0
"2011","Oldham East and Saddleworth","E14000870","Total",101601,7361,4065,2685,6755,1448,2685,2520,6374,6708,20181,19867,6125,8329,4597,1234,667,37.8,38.0
"2011","Oldham West and Royton","E14000871","Total",102616,7935,4612,2955,7287,1485,2877,2734,6970,7164,20709,18038,5513,7854,4619,1233,631,36.4,35.0
"2011","Pendle","E14000875","Total",89452,6362,3403,2060,5359,1140,2190,2155,5722,6301,17425,17009,5976,7662,4786,1292,610,38.9,39.0
"2011","Penrith and The Border","E14000877","Total",81880,3674,2509,1621,4698,1022,1905,1784,3704,3487,14398,18659,6659,9674,5868,1497,721,44.0,46.0
"2011","Preston","E14000885","Total",94780,6940,3419,2001,5155,975,2070,4568,11660,8638,19321,15256,4025,5614,3711,990,437,34.7,31.0
"2011","Ribble Valley","E14000894","Total",96929,5257,3134,2124,5980,1255,2478,2088,5072,4847,18510,20828,6910,10187,6003,1502,754,41.7,43.0
"2011","Rochdale","E14000897","Total",107805,8211,4565,2808,7617,1550,3249,2838,7381,7584,22487,19479,5849,7884,4630,1162,511,36.4,35.0
"2011","Rossendale and Darwen","E14000902","Total",96465,5975,3407,2261,5722,1297,2515,2229,5481,5711,20039,20624,6636,8160,4663,1149,596,39.5,40.0
"2011","Salford and Eccles","E14000911","Total",108546,6482,3108,1821,5031,1113,2187,3473,11627,11829,23141,18819,5404,7604,4936,1336,635,37.2,34.0
"2011","Sefton Central","E14000916","Total",84960,3576,2354,1537,4683,994,2224,1854,4351,3677,13395,19407,6400,10410,7624,1690,784,45.0,47.0
"2011","South Ribble","E14000943","Total",97371,5190,3106,1992,5773,1181,2475,2083,5431,5243,18925,20950,7113,9947,5751,1490,721,41.6,43.0
"2011","Southport","E14000958","Total",90381,4719,2705,1793,4950,1034,2118,1802,4790,4780,15417,18993,6339,10044,7595,2088,1214,43.9,45.0
"2011","St Helens North","E14000962","Total",96518,5770,3132,1958,5641,1191,2450,2407,5670,5789,18645,19968,6960,9563,5489,1342,543,40.6,41.0
"2011","St Helens South and Whiston","E14000963","Total",100657,5830,3351,2102,6013,1265,2621,2466,6286,6050,19761,20330,6548,10024,6078,1282,650,40.5,41.0
"2011","Stalybridge and Hyde","E14000967","Total",91740,6208,3352,2062,5427,1168,2335,2166,5578,5812,19206,18589,6022,7815,4291,1128,581,38.9,39.0
"2011","Stockport","E14000969","Total",85027,6140,3104,1816,4943,999,2048,1969,5207,6049,19396,16979,4603,5946,4127,1078,623,38.1,38.0
"2011","Stretford and Urmston","E14000979","Total",98749,6699,3813,2422,6254,1292,2637,2353,5887,6398,21159,19925,5316,7400,5301,1284,609,38.3,38.0
"2011","Tatton","E14000987","Total",84287,4641,2713,1759,4774,970,1949,1620,3505,4002,16511,18343,6221,8710,5980,1678,911,43.0,44.0
"2011","Wallasey","E14001010","Total",89444,5462,3098,1934,5303,1232,2354,2248,5584,5598,16882,18860,5759,7871,5288,1351,620,40.1,41.0
"2011","Warrington North","E14001017","Total",95213,5726,3188,2025,5538,1179,2420,2389,6312,6217,19315,19966,5908,8455,4841,1179,555,39.5,40.0
"2011","Warrington South","E14001018","Total",107015,6583,3815,2527,6758,1412,2839,2268,5776,6286,23012,22022,6533,9743,5453,1319,669,39.5,40.0
"2011","Weaver Vale","E14001024","Total",88159,5345,3357,2016,5414,1149,2303,1854,4436,4852,18012,19029,6397,7830,4437,1141,587,40.1,41.0
"2011","West Lancashire","E14001033","Total",94797,5256,3125,2010,5727,1172,2414,3239,6451,4792,16993,19501,6582,9829,5722,1319,665,40.8,42.0
"2011","Westmorland and Lonsdale","E14001037","Total",83919,3624,2256,1537,4442,1026,2143,1590,3429,3705,14242,18253,7106,10651,6981,1917,1017,45.5,48.0
"2011","Wigan","E14001039","Total",101878,6248,3505,2132,5849,1269,2499,2329,6523,6718,20610,20605,6497,9607,5595,1302,590,39.9,40.0
"2011","Wirral South","E14001043","Total",72312,3676,2371,1558,4183,872,1763,1492,3492,3380,13002,15153,5356,8336,5511,1407,760,43.3,45.0
"2011","Wirral West","E14001044","Total",69209,3327,2145,1405,4114,836,1863,1343,3165,3105,11447,15253,5325,7555,5912,1604,810,44.2,46.0
"2011","Workington","E14001053","Total",78363,4176,2313,1564,4414,953,2000,1749,3867,4109,14365,16893,6126,8708,5145,1327,654,42.7,44.0
"2011","Worsley and Eccles South","E14001054","Total",98824,7148,3723,2213,5962,1384,2571,2462,5903,6903,20568,18900,5801,8311,5039,1285,651,38.4,38.0
"2011","Wyre and Preston North","E14001057","Total",88464,4106,2722,1741,4895,1084,2181,1931,4357,3817,15643,19121,6678,10418,7028,1849,893,44.1,46.0
"2011","Wythenshawe and Sale East","E14001059","Total",105438,8095,3922,2337,6085,1258,2406,2433,6549,8625,23927,19597,5721,7041,5121,1556,765,37.5,36.0
"2011","Barnsley Central","E14000541","Total",85714,5186,2900,1755,4827,1125,2073,2108,5271,5629,17428,17809,5349,7905,4696,1162,491,40.0,41.0
"2011","Barnsley East","E14000542","Total",90434,5563,3097,1891,5390,1145,2329,2186,5361,5844,17886,18359,5601,8657,5273,1300,552,40.1,41.0
"2011","Batley and Spen","E14000548","Total",107899,7685,4215,2676,6992,1508,2731,2586,6799,7500,22730,20028,6585,8803,5145,1234,682,37.9,37.0
"2011","Beverley and Holderness","E14000556","Total",99748,4729,2984,2063,5597,1256,2583,2204,4610,4315,17720,22258,8500,11527,6948,1618,836,43.6,46.0
"2011","Bradford East","E14000587","Total",113820,10834,5980,3700,8755,1751,3323,3121,8051,9489,24305,18168,4573,6064,4169,1047,490,33.1,30.0
"2011","Bradford South","E14000588","Total",101545,7998,4376,2715,6909,1414,2757,2483,6508,7487,21057,19308,5375,6859,4668,1121,510,36.5,35.0
"2011","Bradford West","E14000589","Total",114761,10074,5638,3666,9071,1822,3361,4016,11170,10630,24515,15951,4095,5424,3838,984,506,32.0,28.0
"2011","Brigg and Goole","E14000596","Total",86706,4755,2736,1846,4888,1145,2167,1853,4462,4544,16268,19025,6467,9005,5447,1381,717,42.0,44.0
"2011","Calder Valley","E14000614","Total",102961,5829,3493,2172,6207,1315,2454,2225,5155,5115,21129,23175,7471,9441,5477,1505,798,41.0,42.0
"2011","Cleethorpes","E14000643","Total",93593,5173,3038,1918,5312,1189,2318,2200,5037,4899,17240,19856,6774,9971,6305,1579,784,42.1,43.0
"2011","Colne Valley","E14000645","Total",109201,6870,3940,2526,6598,1378,2711,2405,5880,6314,22522,23219,7292,9509,5842,1473,722,39.9,41.0
"2011","Dewsbury","E14000666","Total",110062,7481,4552,2792,7280,1569,2930,3415,6924,6557,22267,20998,6814,9293,5206,1314,670,38.0,38.0
"2011","Don Valley","E14000667","Total",98521,5714,3354,2107,5521,1222,2562,2337,6064,6015,18325,20614,6762,9729,6153,1420,622,40.9,42.0
"2011","Doncaster Central","E14000668","Total",104950,7013,3549,2206,5969,1287,2574,2441,7086,8038,21364,20830,6020,8308,5897,1580,788,39.1,38.0
"2011","Doncaster North","E14000669","Total",98931,6493,3655,2201,5917,1285,2771,2458,6267,6186,18569,20420,6065,9072,5610,1346,616,39.5,40.0
"2011","East Yorkshire","E14000683","Total",100377,4837,2931,1881,5451,1235,2365,2102,4324,4381,17275,21375,8651,13036,7495,2023,1015,44.6,47.0
"2011","Elmet and Rothwell","E14000689","Total",99623,5500,3315,2143,5616,1237,2558,1983,4520,4774,19723,20516,7258,11311,6793,1562,814,42.4,44.0
"2011","Great Grimsby","E14000716","Total",88243,6132,3222,1962,5195,1106,2324,2425,6595,6221,16872,17347,5189,7034,4796,1195,628,38.5,38.0
"2011","Halifax","E14000723","Total",100865,7077,3910,2407,6356,1415,2709,2511,6266,6974,20809,19307,5873,8152,5108,1326,665,38.2,38.0
"2011","Haltemprice and Howden","E14000724","Total",88519,4186,2662,1697,5001,1099,2141,2619,4187,3676,16219,19333,6936,9908,6487,1552,816,43.4,45.0
"2011","Harrogate and Knaresborough","E14000730","Total",101334,5702,3304,2140,5877,1239,2583,2021,4900,5720,20421,21495,6394,9518,6834,2040,1146,41.8,43.0
"2011","Hemsworth","E14000740","Total",93719,5466,3121,1967,5561,1202,2554,2204,5457,5616,17777,19603,6210,9539,5597,1265,580,40.7,42.0
"2011","Huddersfield","E14000756","Total",95296,6295,3269,2057,5307,1159,2297,2858,9223,7104,19374,16942,5154,7430,4899,1295,633,37.8,36.0
"2011","Keighley","E14000766","Total",97150,6545,3728,2480,6149,1248,2480,2225,5147,5637,19147,19271,6242,8473,5774,1723,881,39.8,40.0
"2011","Kingston upon Hull East","E14000771","Total",91937,6116,3241,1963,5280,1166,2383,2488,6558,6492,18170,18380,5528,6983,5216,1337,636,38.9,38.0
"2011","Kingston upon Hull North","E14000772","Total",94813,6592,3357,2012,5196,1154,2387,3655,12075,7777,18937,16037,4589,5981,3782,881,401,35.3,32.0
"2011","Kingston upon Hull West and Hessle","E14000773","Total",84656,5448,2608,1563,4375,964,1996,2143,6266,6828,18019,16553,4630,6701,4755,1213,594,39.1,38.0
"2011","Leeds Central","E14000777","Total",132877,9150,4342,2350,5957,1306,2580,8275,22836,15424,26688,17422,4530,6279,4233,972,533,32.4,27.0
"2011","Leeds East","E14000778","Total",94469,7541,4018,2513,6318,1378,2684,2567,6086,6595,19302,16934,4892,7115,4883,1112,531,36.8,35.0
"2011","Leeds North East","E14000779","Total",91640,5965,3165,1973,5322,1161,2333,2158,5221,7313,20984,17318,4795,6486,5147,1458,841,38.7,37.0
"2011","Leeds North West","E14000780","Total",84571,3629,2067,1349,3585,732,1519,5361,16275,5619,13506,13677,4623,6109,4539,1292,689,37.4,32.0
"2011","Leeds West","E14000781","Total",92806,6136,3029,1795,4726,1149,2038,3070,8783,9332,20387,15883,4443,5968,4406,1112,549,36.7,34.0
"2011","Morley and Outwood","E14000826","Total",96493,5837,3198,1967,5685,1177,2322,2024,5119,6405,21602,20235,6114,8221,4842,1188,557,39.7,40.0
"2011","Normanton, Pontefract and Castleford","E14000836","Total",107195,6733,3645,2166,5958,1366,2699,2553,6895,7055,21372,22186,6699,9704,5893,1501,770,39.9,40.0
"2011","Penistone and Stocksbridge","E14000876","Total",87221,4421,2759,1713,4972,1080,2103,1862,4011,4038,17082,19078,6650,9707,5636,1368,741,42.8,44.0
"2011","Pudsey","E14000886","Total",88855,5600,2923,1899,4819,1142,1933,1960,4625,6053,19551,17589,5639,7771,5337,1346,668,40.2,40.0
"2011","Richmond (Yorks)","E14000895","Total",107301,5500,3316,2249,6065,1268,2526,2948,7100,6107,18663,22377,7928,11642,6964,1738,910,41.9,43.0
"2011","Rother Valley","E14000903","Total",94608,5443,3173,2047,5639,1141,2467,2105,5185,5091,18072,19799,6632,10120,5663,1381,650,41.3,42.0
"2011","Rotherham","E14000904","Total",89697,5820,3250,2141,5720,1201,2515,2432,5860,6049,17604,17724,5296,7691,4696,1123,575,38.7,39.0
"2011","Scarborough and Whitby","E14000913","Total",97399,4905,2824,1792,5200,1144,2280,2466,5741,4959,15887,20727,7701,11363,7318,1978,1114,43.7,46.0
"2011","Scunthorpe","E14000914","Total",89055,6077,3293,1970,5088,1103,2314,2154,5748,6170,17202,17669,5338,7867,5102,1345,615,39.4,39.0
"2011","Selby and Ainsty","E14000917","Total",96127,5428,3165,2121,5779,1260,2666,2142,4911,4707,18696,21820,7002,9078,5273,1347,732,41.1,43.0
"2011","Sheffield Central","E14000919","Total",115284,5543,2971,1649,4172,787,1699,9639,28040,12559,21335,13217,3572,5228,3363,952,558,32.0,26.0
"2011","Sheffield South East","E14000920","Total",92918,5892,3291,2256,5806,1233,2477,2383,5175,5563,19439,17814,5361,8536,5488,1476,728,39.7,40.0
"2011","Sheffield, Brightside and Hillsborough","E14000921","Total",107139,9165,4944,2812,7033,1470,2971,2829,7113,7757,22667,18542,4846,7980,5166,1199,645,36.1,34.0
"2011","Sheffield, Hallam","E14000922","Total",89356,4490,2741,1786,4901,944,1986,4919,7297,4238,15974,17575,5646,8546,5945,1519,849,40.7,41.0
"2011","Sheffield, Heeley","E14000923","Total",93466,6088,3115,1905,5178,1072,2206,2535,5882,6080,19922,17645,5200,8337,5833,1585,883,40.0,40.0
"2011","Shipley","E14000925","Total",95176,5716,3181,2018,5384,1179,2327,1861,4803,5567,19415,20389,6475,8668,5851,1618,724,41.1,42.0
"2011","Skipton and Ripon","E14000928","Total",99266,4950,3045,2184,5945,1256,2444,2015,4429,4380,17411,21940,7725,11507,7045,1929,1061,43.6,45.0
"2011","Thirsk and Malton","E14000993","Total",96949,4555,2851,1858,5544,1239,2520,2042,4313,4050,15836,21607,7872,12226,7642,1859,935,44.5,47.0
"2011","Wakefield","E14001009","Total",95074,5832,3285,1994,5394,1129,2332,2168,5623,6447,20181,19266,6196,8294,5029,1296,608,39.7,40.0
"2011","Wentworth and Dearne","E14001028","Total",95362,6061,3305,2043,5597,1183,2402,2309,5699,5825,18457,20093,6041,8844,5288,1498,717,40.2,41.0
"2011","York Central","E14001061","Total",104359,6081,2882,1728,4566,1016,2012,3849,14476,9970,21721,17283,5029,6843,4767,1452,684,36.8,33.0
"2011","York Outer","E14001062","Total",93692,4596,2865,1873,5146,1023,2167,4030,5270,4189,17097,19080,6687,10086,6862,1748,973,42.6,43.0
"2011","Amber Valley","E14000533","Total",87883,4752,2701,1855,5049,1024,2206,1957,4852,4981,17626,18416,6522,8868,4970,1380,724,41.5,42.0
"2011","Ashfield","E14000535","Total",101914,6159,3410,2150,5968,1308,2537,2441,5926,5840,20346,21221,6793,10148,5480,1476,711,40.5,41.0
"2011","Bassetlaw","E14000546","Total",103808,5725,3316,2093,6207,1282,2799,2451,5644,5639,19964,22182,7288,10500,6331,1615,772,41.4,43.0
"2011","Bolsover","E14000577","Total",94473,5307,3082,1876,5373,1238,2414,2179,5268,5565,18644,19674,6358,9658,5670,1416,751,41.2,42.0
"2011","Boston and Skegness","E14000582","Total",101684,5560,2994,1927,5457,1222,2409,2192,5725,6103,17867,20625,7650,11913,7360,1816,864,42.8,44.0
"2011","Bosworth","E14000583","Total",98282,5419,3185,2004,5628,1199,2385,1961,5015,5425,19567,21031,7418,9827,5886,1596,736,41.7,43.0
"2011","Broxtowe","E14000607","Total",94971,5357,2780,1832,5136,1063,2362,2150,5895,5859,19348,19527,6391,9140,5862,1501,768,41.2,42.0
"2011","Charnwood","E14000625","Total",94748,5156,3054,1957,5643,1208,2710,2189,4865,4849,18044,20161,6602,9644,6407,1493,766,41.8,43.0
"2011","Chesterfield","E14000632","Total",93248,5169,2773,1740,5342,1149,2421,2196,5212,5437,18434,19612,6287,9142,5800,1736,798,41.5,42.0
"2011","Corby","E14000648","Total",110099,7199,3961,2499,7013,1505,3194,2569,5999,6828,22510,23204,6877,9462,5299,1363,617,39.0,40.0
"2011","Daventry","E14000660","Total",93850,5171,3239,2203,5861,1251,2552,2068,4459,4182,18361,21123,6974,9316,5117,1314,659,41.2,43.0
"2011","Derby North","E14000662","Total",100323,6422,3343,2051,5509,1142,2364,3552,9908,7592,20084,18003,5226,7365,5480,1582,700,37.9,36.0
"2011","Derby South","E14000663","Total",109171,9120,4719,2777,7076,1463,2928,3019,8132,8631,23557,18411,4851,7359,5128,1304,696,35.7,34.0
"2011","Derbyshire Dales","E14000664","Total",78673,3353,2385,1616,4623,981,1913,1567,3249,2918,13174,18390,6861,9561,5701,1570,811,44.7,47.0
"2011","Erewash","E14000695","Total",94050,5731,3087,1938,5188,1260,2465,2225,5899,5670,19614,19074,5819,8620,5343,1373,744,40.2,41.0
"2011","Gainsborough","E14000707","Total",91719,4490,2769,1854,5541,1237,2478,2072,4247,4039,15958,20510,7266,10763,6267,1447,781,43.2,45.0
"2011","Gedling","E14000710","Total",92533,5468,3037,1963,5405,1084,2383,2135,5087,5338,18885,19421,6024,8510,5623,1526,644,40.8,41.0
"2011","Grantham and Stamford","E14000714","Total",104391,6028,3363,2229,6455,1417,2749,2243,5093,5723,20489,21941,7239,10277,6297,1880,968,41.3,42.0
"2011","Harborough","E14000728","Total",100662,5354,3318,2092,6175,1312,2802,3558,5387,5151,19199,20807,6443,9710,6678,1784,892,41.2,42.0
"2011","High Peak","E14000748","Total",90892,4961,2986,1905,5487,1137,2339,2279,5059,4643,17591,20405,6431,8642,5059,1262,706,41.1,43.0
"2011","Kettering","E14000769","Total",93475,6256,3504,2181,5564,1161,2303,2029,4993,5797,20120,18359,6214,8105,4769,1384,736,39.5,40.0
"2011","Leicester East","E14000782","Total",108520,8005,4455,2791,7234,1465,3053,2726,7689,8857,22287,20751,5195,7176,4960,1260,616,36.5,34.0
"2011","Leicester South","E14000783","Total",119287,7987,4394,2701,6907,1375,2995,6044,17528,10725,23532,18255,4468,6207,4312,1207,650,33.6,29.0
"2011","Leicester West","E14000784","Total",102032,8305,4076,2363,6021,1200,2560,3072,10189,9989,22348,16688,4393,5505,3664,1138,521,34.4,31.0
"2011","Lincoln","E14000792","Total",106334,6222,3137,1823,5338,1142,2351,4942,11924,8731,20546,18749,5615,7969,5422,1573,850,37.8,35.0
"2011","Loughborough","E14000797","Total",99177,5410,2924,1851,4934,1062,2221,5160,12568,6495,18266,17810,5760,7742,4877,1337,760,37.9,35.0
"2011","Louth and Horncastle","E14000798","Total",96885,4384,2551,1635,5089,1132,2191,1935,4544,4021,14613,20334,8857,14453,8214,1937,995,46.1,49.0
"2011","Mansfield","E14000810","Total",104466,6399,3376,2095,5852,1296,2705,2535,6518,6799,20505,21927,6513,9653,6063,1527,703,40.2,41.0
"2011","Mid Derbyshire","E14000814","Total",84158,4373,2671,1806,5010,1069,2214,1744,3984,3984,16435,18104,5772,8770,5988,1488,746,42.4,44.0
"2011","Newark","E14000829","Total",98937,5295,3235,2056,5880,1165,2421,2226,4880,4982,18801,21448,7452,10662,6045,1565,824,42.1,44.0
"2011","North East Derbyshire","E14000843","Total",90956,4376,2746,1766,5075,1179,2339,2056,4591,4397,16694,19717,6998,10521,6150,1576,775,43.1,45.0
"2011","North West Leicestershire","E14000858","Total",93468,5477,3319,2102,5642,1137,2311,1963,4739,4939,19181,19827,6599,8997,5143,1418,674,40.8,42.0
"2011","Northampton North","E14000861","Total",86192,6002,3127,1885,4828,972,2181,2790,6409,6258,17794,15754,5118,6708,4381,1277,708,38.2,37.0
"2011","Northampton South","E14000862","Total",93615,7254,3309,1957,4985,1046,2152,2235,7333,8590,21192,16862,4929,6314,3844,1071,542,36.6,35.0
"2011","Nottingham East","E14000865","Total",99302,6444,3218,1943,4849,980,2008,4778,14330,9863,22594,15174,3687,4731,3331,899,473,33.9,30.0
"2011","Nottingham North","E14000866","Total",97145,8086,4153,2454,6546,1378,2781,2989,6612,6928,20027,17216,4857,6959,4306,1232,621,36.1,35.0
"2011","Nottingham South","E14000867","Total",109233,5429,2823,1838,4465,970,2029,9146,21824,9441,18898,15288,4082,5830,5240,1398,532,34.4,27.0
"2011","Rushcliffe","E14000908","Total",94963,5507,3244,2104,5630,1137,2311,2241,5514,4634,18917,20126,6229,8878,6026,1687,778,41.1,42.0
"2011","Rutland and Melton","E14000909","Total",100926,5284,3163,2065,6273,1458,3035,2145,4792,4912,18502,21967,7385,10697,6549,1808,891,42.2,44.0
"2011","Sherwood","E14000924","Total",94210,5349,3061,1995,5672,1231,2463,2128,5098,4960,18347,20058,6419,9730,5643,1371,685,41.2,42.0
"2011","Sleaford and North Hykeham","E14000929","Total",111056,5491,3480,2361,6804,1492,2795,2195,4850,4948,20414,23873,8533,13323,7649,1938,910,43.2,45.0
"2011","South Derbyshire","E14000935","Total",94611,5724,3464,2145,6082,1286,2527,2061,4873,5400,20506,19685,6231,8167,4726,1153,581,39.5,40.0
"2011","South Holland and The Deepings","E14000939","Total",101584,5176,2928,2035,5786,1329,2435,1966,5173,5368,18603,21179,7621,11575,7558,1876,976,43.2,44.0
"2011","South Leicestershire","E14000940","Total",100595,5908,3535,2327,6157,1335,2673,2370,5299,5186,20508,21461,6862,9392,5426,1465,691,40.4,42.0
"2011","South Northamptonshire","E14000942","Total",108562,6958,4157,2792,7271,1421,2761,2130,4809,5411,23982,23781,7181,8876,4995,1355,682,39.3,41.0
"2011","Wellingborough","E14001025","Total",106159,7172,3982,2398,6508,1279,2590,2311,5692,6553,22664,20757,7111,9348,5530,1488,776,39.4,40.0
"2011","Aldridge-Brownhills","E14000531","Total",76974,3992,2463,1609,4587,969,1994,1718,3921,3881,14380,15651,5168,9045,5706,1309,581,42.6,44.0
"2011","Birmingham, Edgbaston","E14000560","Total",96568,6125,3255,1928,5310,1067,2187,5769,8840,8117,20034,15754,4852,6839,4477,1331,683,36.6,33.0
"2011","Birmingham, Erdington","E14000561","Total",97778,7423,3985,2371,6533,1371,2748,2755,6757,7317,20281,17919,4492,6910,4970,1290,656,36.7,35.0
"2011","Birmingham, Hall Green","E14000562","Total",115904,9727,5542,3629,8916,1720,3499,3310,8821,10173,25328,18076,4432,6496,4686,1013,536,33.6,31.0
"2011","Birmingham, Hodge Hill","E14000563","Total",121678,12089,7177,4588,11105,2061,4092,3736,8938,9427,25420,16292,3992,6189,4700,1257,615,31.6,28.0
"2011","Birmingham, Ladywood","E14000564","Total",126693,10741,5786,3405,8205,1597,3154,5657,18171,15119,28012,15097,2892,4763,3188,613,293,30.0,27.0
"2011","Birmingham, Northfield","E14000565","Total",101422,7538,3990,2384,6713,1442,2760,2695,6510,6702,20761,18949,5623,7953,5306,1431,665,37.8,37.0
"2011","Birmingham, Perry Barr","E14000566","Total",107090,8176,4738,2933,7716,1612,3177,3501,8706,8711,22676,17911,4087,6855,4671,1072,548,34.8,32.0
"2011","Birmingham, Selly Oak","E14000567","Total",104067,6354,3452,2099,5743,1192,2408,3831,15469,7342,19970,17129,4774,7175,4936,1447,746,36.3,32.0
"2011","Birmingham, Yardley","E14000568","Total",106738,8626,4794,3005,7626,1522,2993,2858,7135,7877,22261,18440,4757,7462,5204,1398,780,36.0,34.0
"2011","Bromsgrove","E14000605","Total",93637,4822,3008,1912,5529,1259,2489,2004,4677,4250,17643,20452,6457,9835,6535,1771,994,42.6,44.0
"2011","Burton","E14000610","Total",102731,6547,3605,2375,5967,1354,2754,2436,6357,6887,21000,20668,6088,8977,5681,1366,669,39.3,39.0
"2011","Cannock Chase","E14000618","Total",97462,5871,3319,2086,5861,1298,2573,2373,5893,6129,20369,19924,6109,8904,4966,1227,560,39.6,40.0
"2011","Coventry North East","E14000649","Total",110511,9384,4587,2747,7006,1588,2897,2849,8639,9074,23690,18731,4892,7601,4930,1269,627,35.6,33.0
"2011","Coventry North West","E14000650","Total",100872,6851,3433,2180,5523,1318,2371,2691,8537,7649,21072,17690,5196,8500,5487,1555,819,38.3,37.0
"2011","Coventry South","E14000651","Total",105577,6241,3339,2116,5302,1239,2303,6986,13434,8125,18812,16950,5268,7914,5126,1580,842,36.7,32.0
"2011","Dudley North","E14000671","Total",81218,5189,2986,1917,4967,1123,2183,2034,4926,5181,16139,15258,4381,7877,5371,1154,532,39.7,40.0
"2011","Dudley South","E14000672","Total",79648,4754,2779,1764,4661,1075,2035,1922,4846,4972,15696,15127,5093,8426,4832,1101,565,40.4,41.0
"2011","Halesowen and Rowley Regis","E14000722","Total",87319,5379,3012,1927,5131,1113,2327,2156,5189,5370,17106,16889,5503,8648,5400,1463,706,40.5,41.0
"2011","Hereford and South Herefordshire","E14000743","Total",97492,5614,3001,1960,5481,1180,2443,2194,5658,6069,18429,20077,6526,9752,6554,1744,810,41.5,42.0
"2011","Kenilworth and Southam","E14000767","Total",82175,4074,2532,1764,4842,979,2008,1975,4393,3450,14642,18136,6109,9357,5624,1518,772,43.0,45.0
"2011","Lichfield","E14000791","Total",92985,4906,2972,2038,5480,1133,2345,1882,4287,4624,18103,19561,6997,11030,5581,1360,686,42.3,44.0
"2011","Ludlow","E14000799","Total",84857,3729,2407,1636,4750,1084,1961,1624,3852,3575,13978,18780,7228,11190,6499,1677,887,45.0,47.0
"2011","Meriden","E14000812","Total",107857,6470,3873,2464,7038,1429,3081,2595,6332,5607,20058,22267,7572,10658,6118,1538,757,40.3,41.0
"2011","Mid Worcestershire","E14000818","Total",94454,4814,3024,1923,5465,1194,2316,1982,4532,4620,17678,20525,7066,10340,6296,1749,930,42.8,44.0
"2011","Newcastle-under-Lyme","E14000834","Total",88945,4602,2881,1678,4930,974,2032,3425,7697,5311,16785,17344,5584,8017,5532,1469,684,40.2,40.0
"2011","North Herefordshire","E14000847","Total",85985,3966,2549,1670,5013,1081,2076,1710,3773,3612,14420,18881,7078,10744,6642,1791,979,44.6,47.0
"2011","North Shropshire","E14000849","Total",104268,5621,3300,2203,6307,1315,2843,2691,5913,5382,19297,21759,7270,10926,6704,1819,918,41.7,43.0
"2011","North Warwickshire","E14000854","Total",90034,5083,2866,1933,5324,1112,2202,1986,4857,5207,17946,18964,6227,9181,5185,1334,627,41.1,42.0
"2011","Nuneaton","E14000868","Total",91086,5890,3173,1981,5560,1228,2530,2213,5549,5833,18602,18677,5744,7994,4514,1090,508,39.1,39.0
"2011","Redditch","E14000892","Total",89677,5819,3217,1918,5308,1117,2295,1974,5379,6160,18774,18355,6139,7568,4069,1054,531,39.0,39.0
"2011","Rugby","E14000905","Total",96549,6074,3341,2065,5812,1224,2611,2055,5096,6240,20302,19020,5860,9231,5384,1438,796,40.0,40.0
"2011","Shrewsbury and Atcham","E14000926","Total",102382,5626,3244,2131,6055,1330,2982,2289,5730,5863,19365,21331,6813,10411,6444,1835,933,41.5,42.0
"2011","Solihull","E14000931","Total",98817,5085,3226,2148,6073,1375,2755,2171,5033,5057,18360,20751,6258,9805,7514,2083,1123,42.3,43.0
"2011","South Staffordshire","E14000945","Total",93655,4287,2714,1778,5354,1133,2430,2234,5375,4395,16740,20903,6853,10871,6271,1546,771,43.1,45.0
"2011","Stafford","E14000965","Total",95255,5166,3066,1801,5273,1038,2411,2543,6452,5627,18815,19127,6511,9691,5557,1440,737,41.0,41.0
"2011","Staffordshire Moorlands","E14000966","Total",77523,3740,2288,1555,4306,872,1884,1669,3713,3476,14468,16859,6269,9078,5353,1300,693,43.5,45.0
"2011","Stoke-on-Trent Central","E14000972","Total",83104,5423,2739,1646,4392,850,1948,2960,8446,6737,16529,14954,4465,6323,4222,1053,417,37.6,35.0
"2011","Stoke-on-Trent North","E14000973","Total",96715,6874,3556,2120,5748,1169,2495,2314,6213,6710,19560,18323,5852,8737,5196,1274,574,38.8,39.0
"2011","Stoke-on-Trent South","E14000974","Total",89539,5866,3285,1911,5285,1083,2312,2180,5609,5787,17575,17927,5960,8144,4871,1199,545,39.5,40.0
"2011","Stone","E14000975","Total",84249,4004,2512,1620,4756,1017,2067,1670,3933,3591,15296,19026,6836,10175,5497,1441,808,43.7,46.0
"2011","Stourbridge","E14000976","Total",90024,5355,3115,1952,5334,1202,2332,2015,4898,5282,17934,18219,6007,8914,5409,1399,657,40.7,41.0
"2011","Stratford-on-Avon","E14000977","Total",88490,4263,2691,1739,4888,1077,2083,1701,3850,3999,15675,19356,6980,10610,6737,1827,1014,44.3,46.0
"2011","Sutton Coldfield","E14000985","Total",95107,5102,3233,2066,5792,1178,2435,1951,4567,4816,17915,20459,6534,9460,6905,1804,890,42.2,43.0
"2011","Tamworth","E14000986","Total",95334,5895,3399,2090,5789,1155,2492,2313,6054,5882,19163,19501,6422,8826,4670,1117,566,39.5,40.0
"2011","Telford","E14000989","Total",90359,6662,3430,2106,5697,1175,2570,2246,5846,6472,19017,17830,5326,7172,3645,808,357,37.3,37.0
"2011","The Wrekin","E14000992","Total",90904,5404,3196,1986,5700,1257,2432,2648,6141,5215,18030,18059,5673,8441,4869,1203,650,39.5,40.0
"2011","Walsall North","E14001011","Total",93878,6911,3681,2376,5966,1266,2479,2384,6333,6498,18343,17828,5233,8047,4817,1187,529,37.9,37.0
"2011","Walsall South","E14001012","Total",98471,7470,4257,2585,6713,1355,2764,2738,7250,7311,19870,16744,4820,7574,5229,1210,581,36.7,35.0
"2011","Warley","E14001016","Total",92201,7169,3885,2355,6129,1233,2534,2553,6366,7325,19901,15682,4069,6622,4560,1198,620,36.3,34.0
"2011","Warwick and Leamington","E14001019","Total",97140,5980,3148,1947,4841,968,2080,2453,8989,7548,21751,17708,5197,7453,4844,1456,777,38.4,37.0
"2011","West Bromwich East","E14001029","Total",88030,6164,3537,2175,5335,1124,2276,2159,5873,6295,17794,16283,4500,7465,5243,1235,572,38.4,37.0
"2011","West Bromwich West","E14001030","Total",90191,6730,3704,2261,5561,1178,2351,2348,6133,6903,19400,16187,4515,6894,4344,1078,604,37.1,36.0
"2011","West Worcestershire","E14001035","Total",91658,4036,2649,1819,5350,1222,2590,1923,3771,3502,14654,20137,7662,11574,7412,2208,1149,45.2,48.0
"2011","Wolverhampton North East","E14001049","Total",88737,6269,3411,2065,5633,1149,2481,2642,6353,6127,18157,16338,4414,7076,4981,1135,506,37.7,37.0
"2011","Wolverhampton South East","E14001050","Total",88177,6190,3308,2020,5606,1177,2463,2345,5953,6287,18316,15810,4639,7417,4930,1166,550,38.1,37.0
"2011","Wolverhampton South West","E14001051","Total",84913,5024,2734,1663,4610,1027,2091,2163,6385,6237,17440,15885,4637,7248,5331,1608,830,39.9,39.0
"2011","Worcester","E14001052","Total",98768,6359,3426,2146,5445,1101,2332,3142,7417,7080,21430,18721,5560,7700,4917,1305,687,38.3,37.0
"2011","Wyre Forest","E14001058","Total",97975,5256,2988,1983,5416,1142,2265,2127,5142,5271,18483,19635,7804,11604,6352,1673,834,42.7,44.0
"2011","Basildon and Billericay","E14000544","Total",89687,5903,3441,2143,5649,1208,2368,2009,4978,5460,18771,17418,5307,7607,5475,1317,633,39.3,39.0
"2011","Bedford","E14000552","Total",101066,6856,3700,2239,6103,1309,2790,2921,7253,7628,21772,18344,5240,7169,5487,1476,779,37.8,36.0
"2011","Braintree","E14000590","Total",97840,6152,3577,2323,6043,1248,2411,2143,5230,5423,20081,20268,6608,8821,5220,1452,840,40.1,41.0
"2011","Brentwood and Ongar","E14000594","Total",92957,4903,3116,2022,5758,1172,2560,1953,4566,4627,18147,19915,6228,8949,6406,1756,879,41.9,43.0
"2011","Broadland","E14000603","Total",95188,4679,2963,1919,5627,1248,2361,1870,4164,3967,17212,20526,7626,11316,6834,1862,1014,43.8,46.0
"2011","Broxbourne","E14000606","Total",98790,6375,3565,2268,6231,1216,2588,2338,5845,5868,20553,19644,5752,8688,5907,1345,607,39.4,40.0
"2011","Bury St Edmunds","E14000613","Total",113678,6730,3718,2368,6498,1335,2786,2375,6528,7210,21905,22520,7732,11489,7300,2048,1136,41.3,42.0
"2011","Cambridge","E14000617","Total",114740,6223,2917,1718,4510,969,2213,6291,17050,12708,25778,16655,4530,6257,4495,1500,926,35.3,31.0
"2011","Castle Point","E14000622","Total",88011,4173,2643,1752,5188,1113,2317,2047,4740,4212,15612,18077,7136,10485,6202,1532,782,43.2,45.0
"2011","Central Suffolk and North Ipswich","E14000624","Total",98935,5316,3419,2337,6477,1387,2726,2087,4370,4250,18170,20949,7470,10668,6697,1745,867,42.2,44.0
"2011","Chelmsford","E14000628","Total",105424,6857,3727,2283,5953,1199,2703,2384,6562,7714,23649,20178,6099,8190,5566,1554,806,38.9,38.0
"2011","Clacton","E14000642","Total",85359,4056,2219,1463,4560,965,2050,1772,4139,3364,11949,15836,7201,12708,9034,2620,1423,47.2,50.0
"2011","Colchester","E14000644","Total",108610,7604,3798,2220,5920,1279,2686,3131,9796,9363,24152,18610,5616,7427,4964,1314,730,36.8,35.0
"2011","Epping Forest","E14000693","Total",95084,5882,3189,2017,5554,1149,2332,2101,5228,5352,20166,19512,6028,8244,5626,1758,946,40.6,41.0
"2011","Great Yarmouth","E14000717","Total",97277,5528,2977,1953,5584,1487,2475,2279,5942,5731,16673,19049,7228,10857,6812,1812,890,42.1,43.0
"2011","Harlow","E14000729","Total",92163,6527,3385,2076,5437,1133,2466,2057,5375,6434,19543,18449,4941,7077,5460,1202,601,38.7,38.0
"2011","Harwich and North Essex","E14000734","Total",91170,4449,2913,1859,5254,1056,2125,3053,5341,3776,15753,19137,7241,10320,6289,1697,907,42.9,45.0
"2011","Hemel Hempstead","E14000739","Total",99084,6827,3510,2188,5982,1265,2565,2211,5935,6688,21214,20359,5358,7254,5423,1570,735,38.8,38.0
"2011","Hertford and Stortford","E14000744","Total",106711,6670,3847,2465,6958,1481,3088,2167,5133,6232,24591,22279,5966,8108,5526,1422,778,39.0,39.0
"2011","Hertsmere","E14000745","Total",100031,6707,3673,2296,6212,1302,2721,2094,5869,6099,20683,20269,5778,7998,5674,1748,908,39.4,39.0
"2011","Hitchin and Harpenden","E14000749","Total",99607,7032,3916,2435,6291,1295,2590,1768,4297,5236,22150,20504,5773,8209,5609,1656,846,39.6,40.0
"2011","Huntingdon","E14000757","Total",112664,6983,3857,2472,6722,1402,2809,2583,6650,6958,23942,22845,7261,10237,5737,1461,745,39.6,40.0
"2011","Ipswich","E14000761","Total",109003,7694,3969,2259,6041,1223,2812,2935,8016,9284,23734,19751,5704,7454,5614,1576,937,37.7,36.0
"2011","Luton North","E14000800","Total",98947,7902,4477,2853,6937,1429,2828,2371,6158,7467,20914,17518,4413,7344,4791,1057,488,36.1,34.0
"2011","Luton South","E14000801","Total",110180,8982,4495,2674,6585,1368,2731,3141,10715,11591,24163,17820,4454,6034,4061,902,464,34.1,31.0
"2011","Maldon","E14000806","Total",88797,4438,2831,2041,5465,1180,2298,1825,4441,4011,16400,19942,7062,9296,5515,1300,752,42.3,44.0
"2011","Mid Bedfordshire","E14000813","Total",100121,5760,3578,2419,6509,1396,2656,2131,5213,5018,20688,22311,6548,8916,5139,1272,567,40.0,41.0
"2011","Mid Norfolk","E14000816","Total",99840,5352,2972,1967,6128,1339,2605,2084,5068,4949,17841,19784,7582,11573,7463,2031,1102,43.1,44.0
"2011","North East Bedfordshire","E14000841","Total",102716,6485,3723,2364,6487,1391,2599,2009,4751,5265,21681,22280,6890,9392,5430,1326,643,40.2,41.0
"2011","North East Cambridgeshire","E14000842","Total",112376,6317,3520,2348,6486,1394,2802,2362,6306,6656,21483,22767,7742,11608,7670,1929,986,41.8,42.0
"2011","North East Hertfordshire","E14000845","Total",95286,5573,3431,2248,6107,1269,2571,1988,4405,4755,19218,20387,6446,8792,5691,1592,813,40.8,42.0
"2011","North Norfolk","E14000848","Total",84645,3488,1995,1374,4113,1025,1808,1589,3698,3426,11891,17341,7880,12649,8739,2318,1311,48.0,52.0
"2011","North West Cambridgeshire","E14000855","Total",125061,8177,4635,3017,7744,1634,3134,2686,7250,8593,27108,25460,7664,9855,5884,1463,757,38.5,39.0
"2011","North West Norfolk","E14000859","Total",95124,5040,2775,1772,5043,1086,2260,1940,5170,5362,16218,18828,7376,11663,7572,2036,983,43.8,45.0
"2011","Norwich North","E14000863","Total",87352,5378,2668,1698,4399,903,1969,1985,5429,6395,18189,16312,5323,8290,6217,1479,718,40.9,40.0
"2011","Norwich South","E14000864","Total",96670,5494,2683,1554,4037,840,1726,4213,12256,8868,19436,15477,5069,6968,5268,1802,979,38.2,34.0
"2011","Peterborough","E14000878","Total",115414,8842,4456,2691,7244,1611,3107,2850,8109,9300,24607,20699,5859,8098,5665,1520,756,36.9,35.0
"2011","Rayleigh and Wickford","E14000888","Total",97352,5218,3137,2099,5929,1246,2466,1981,4831,4653,19566,20052,6981,10195,6618,1598,782,42.0,43.0
"2011","Rochford and Southend East","E14000899","Total",100083,6730,3329,2178,6059,1258,2671,2418,6250,6749,21057,19082,5802,8202,5663,1763,872,39.2,39.0
"2011","Saffron Walden","E14000910","Total",101959,5806,3728,2438,6619,1418,2899,2200,4822,4600,20005,22320,6990,9711,5913,1568,922,40.9,42.0
"2011","South Basildon and East Thurrock","E14000933","Total",96886,6023,3478,2228,6067,1344,2687,2529,5977,6057,19720,19729,6481,8089,4814,1154,509,38.9,39.0
"2011","South Cambridgeshire","E14000934","Total",109807,6860,4012,2674,6737,1423,2773,2438,5483,5675,23241,22904,7169,9753,6123,1678,864,40.1,41.0
"2011","South East Cambridgeshire","E14000937","Total",114779,7330,4207,2595,6716,1434,2842,2193,5848,6877,25083,23141,7373,10033,6471,1753,883,40.0,40.0
"2011","South Norfolk","E14000941","Total",98193,5502,3044,1961,5675,1166,2410,1983,4277,4626,18127,20700,7707,11256,7004,1873,882,43.1,45.0
"2011","South Suffolk","E14000946","Total",91752,4627,3087,1967,5687,1163,2402,1744,4106,3927,16419,19335,7363,10649,6545,1778,953,43.3,45.0
"2011","South West Bedfordshire","E14000949","Total",102031,6715,3740,2302,6025,1340,2659,2277,5769,6461,21143,21303,6396,8495,5444,1316,646,39.3,40.0
"2011","South West Hertfordshire","E14000951","Total",105309,6622,3857,2513,6782,1403,2843,2057,4915,5219,22147,22410,6581,8856,6395,1738,971,40.3,41.0
"2011","South West Norfolk","E14000952","Total",103599,6070,3240,2142,5770,1327,2508,2128,5980,6184,18702,20393,7497,11554,7382,1855,867,42.1,43.0
"2011","Southend West","E14000957","Total",88884,5429,2944,1857,5122,1112,2088,1673,4399,5284,18876,17487,5649,8356,5771,1727,1110,41.3,41.0
"2011","St Albans","E14000960","Total",97663,7091,3801,2267,5970,1161,2411,1805,4809,6338,23412,19006,5292,7355,4928,1315,702,38.4,38.0
"2011","Stevenage","E14000968","Total",94192,6429,3387,2129,5719,1246,2572,2362,5894,6547,19707,19383,4923,7000,5050,1216,628,38.4,38.0
"2011","Suffolk Coastal","E14000981","Total",98927,4670,2863,1795,5483,1194,2409,1972,4385,4101,15580,21200,8264,12519,8639,2436,1417,45.5,48.0
"2011","Thurrock","E14000995","Total",116255,9689,5027,2901,7349,1553,3005,2589,7428,8906,28278,20858,5541,6791,4457,1318,565,35.6,35.0
"2011","Watford","E14001021","Total",114035,8165,4188,2622,6815,1452,2784,2533,6926,9255,27390,21218,5513,7889,5185,1362,738,37.2,36.0
"2011","Waveney","E14001022","Total",102474,5731,3247,2126,5784,1246,2535,2286,5459,5263,17956,19589,7817,12126,7915,2170,1224,43.2,44.0
"2011","Welwyn Hatfield","E14001027","Total",105354,6575,3537,2213,5757,1188,2574,4153,11211,7568,20698,19095,5097,7441,5860,1556,831,37.6,35.0
"2011","West Suffolk","E14001034","Total",113394,7458,3938,2403,6334,1328,2684,2279,7649,8647,23199,21082,7256,10336,6360,1621,820,39.5,39.0
"2011","Witham","E14001045","Total",88429,5175,3024,1914,5218,1090,2218,1880,4580,4466,17630,18389,6743,8777,5138,1408,779,41.4,42.0
"2011","Barking","E14000540","Total",122313,12872,6080,3602,8450,1646,3393,3098,8682,10380,29714,18968,4141,5550,4018,1216,503,32.5,31.0
"2011","Battersea","E14000549","Total",106709,7370,2965,1577,3778,654,1330,1354,8274,19146,33882,14448,3515,4769,2666,638,343,34.2,32.0
"2011","Beckenham","E14000551","Total",87011,4843,2860,1939,5550,1152,2275,1747,4397,4735,17929,18413,5586,7386,5709,1632,858,41.0,42.0
"2011","Bermondsey and Old Southwark","E14000553","Total",126522,7439,3562,2063,5142,1013,2183,3674,15078,19611,35516,18799,3673,4622,2955,833,359,33.4,30.0
"2011","Bethnal Green and Bow","E14000555","Total",125351,8251,4492,2795,6434,1286,2394,4173,16944,20340,32457,14364,2900,4330,3137,734,320,31.3,28.0
"2011","Bexleyheath and Crayford","E14000558","Total",87848,5718,3345,2127,5789,1281,2493,2131,5475,5184,18064,17257,4972,7102,5031,1271,608,38.8,39.0
"2011","Brent Central","E14000591","Total",137438,10729,5475,3385,8427,1741,3564,3331,10787,15128,33983,23172,4813,7271,4402,847,383,33.9,32.0
"2011","Brent North","E14000592","Total",128484,8526,4534,2835,7410,1600,3235,3192,10264,13699,29162,22892,5726,8288,5255,1217,649,36.1,33.0
"2011","Brentford and Isleworth","E14000593","Total",128556,9647,4501,2579,6412,1327,2638,2623,8971,13715,34845,22134,5584,7384,4474,1135,587,35.7,34.0
"2011","Bromley and Chislehurst","E14000604","Total",88633,6150,3320,2076,5393,1054,2181,1758,4678,5465,20055,16923,4916,6971,5087,1592,1014,39.3,39.0
"2011","Camberwell and Peckham","E14000615","Total",125226,10289,4898,2896,7001,1566,2738,3028,10234,12960,34448,21480,3939,5374,3212,775,388,33.4,32.0
"2011","Carshalton and Wallington","E14000621","Total",95322,6645,3699,2237,6199,1300,2767,2162,5600,6476,21900,18798,5044,6522,4300,1120,553,37.4,37.0
"2011","Chelsea and Fulham","E14000629","Total",105697,6699,3255,1786,4025,723,1376,1727,8506,13603,30060,16989,4720,6718,3847,1048,615,36.8,34.0
"2011","Chingford and Woodford Green","E14000634","Total",88149,5528,3142,2047,5358,1118,2340,2167,5403,5785,18801,17652,4876,6826,4818,1467,821,39.1,39.0
"2011","Chipping Barnet","E14000636","Total",111973,7511,4061,2644,6718,1358,2931,2250,6399,7858,25311,22234,6091,8444,5654,1569,940,38.6,38.0
"2011","Cities of London and Westminster","E14000639","Total",110000,5035,2280,1388,3214,565,1308,3056,10073,14530,31399,18776,5240,7241,4324,1020,551,38.0,35.0
"2011","Croydon Central","E14000654","Total",114705,8897,4674,2777,7264,1569,3148,2909,7629,8951,26160,21604,5250,7225,4805,1232,611,36.1,35.0
"2011","Croydon North","E14000655","Total",136044,11832,5767,3431,8966,1863,3839,3402,9492,11162,32480,25472,5097,7113,4615,1009,504,34.3,33.0
"2011","Croydon South","E14000656","Total",112629,7243,3947,2500,6900,1480,2947,2409,6470,7579,23799,23412,6682,8817,5898,1640,906,39.2,39.0
"2011","Dagenham and Rainham","E14000657","Total",102090,8039,4286,2629,6733,1415,2960,2726,6875,6769,20988,18888,4891,7215,5589,1420,667,37.0,36.0
"2011","Dulwich and West Norwood","E14000673","Total",110542,8989,4335,2538,6192,1242,2339,2103,6921,11051,32005,19460,3782,5213,3142,808,422,34.4,33.0
"2011","Ealing Central and Acton","E14000674","Total",119419,8233,3871,2436,5796,1193,2213,1963,8771,13825,33572,19981,4914,6642,4136,1195,678,35.9,34.0
"2011","Ealing North","E14000675","Total",121117,9936,4938,3048,7504,1595,3061,2708,7907,10647,29766,21273,5294,7215,4529,1130,566,35.2,34.0
"2011","Ealing, Southall","E14000676","Total",97913,7257,3786,2306,5743,1235,2454,2251,7874,9526,24108,17249,3988,5562,3487,698,389,35.1,33.0
"2011","East Ham","E14000679","Total",149842,13050,6803,4198,9953,2012,3989,4271,15432,18802,37030,20501,4001,5350,3280,763,407,30.8,28.0
"2011","Edmonton","E14000687","Total",112059,9862,5294,3211,8177,1621,3419,3114,8138,9028,24616,19628,4276,6407,3884,889,495,33.8,32.0
"2011","Eltham","E14000690","Total",89759,5933,3243,1975,5409,1182,2348,2670,6386,5898,19909,17200,4779,6630,4308,1276,613,37.9,37.0
"2011","Enfield North","E14000691","Total",103053,8498,4609,2721,6891,1535,2943,2574,6541,7624,23325,18778,4518,6601,4254,1108,533,35.5,34.0
"2011","Enfield, Southgate","E14000692","Total",97354,6153,3144,1951,5237,1097,2185,2023,7047,8305,22244,18448,4858,7384,5021,1452,805,38.6,37.0
"2011","Erith and Thamesmead","E14000696","Total",110151,9886,5115,2965,7523,1640,2999,2955,7791,8154,26085,19666,4382,5841,3777,899,473,34.1,33.0
"2011","Feltham and Heston","E14000701","Total",125401,10078,4911,2908,7533,1637,3316,3136,9641,12516,29908,21277,5261,7208,4508,1085,478,34.8,32.0
"2011","Finchley and Golders Green","E14000703","Total",120608,8830,4676,2757,6764,1339,2633,2198,7811,12092,30155,19412,5478,7971,5474,1822,1196,36.9,34.0
"2011","Greenwich and Woolwich","E14000718","Total",112628,9776,4513,2403,5990,1192,2335,2878,9626,12004,32224,16517,3754,4984,3070,843,519,33.2,31.0
"2011","Hackney North and Stoke Newington","E14000720","Total",128036,11017,5308,3218,7542,1516,2767,2627,10520,17053,35539,18323,3825,4834,2906,681,360,31.9,30.0
"2011","Hackney South and Shoreditch","E14000721","Total",118234,8132,4310,2524,6336,1222,2503,2775,11165,16785,33266,17156,3446,4839,2869,643,263,32.8,30.0
"2011","Hammersmith","E14000726","Total",118236,7486,3362,2000,5082,1083,1984,2310,11414,16621,34319,17968,4328,5721,3300,805,453,34.7,32.0
"2011","Hampstead and Kilburn","E14000727","Total",129989,8922,4105,2380,5487,1026,2017,2125,8284,16604,38978,20142,5570,7642,4729,1287,691,36.2,34.0
"2011","Harrow East","E14000731","Total",103761,6647,3860,2312,6388,1348,2869,2396,7438,8474,21840,19565,5297,7904,5264,1363,796,37.9,36.0
"2011","Harrow West","E14000732","Total",104165,7398,3974,2408,6326,1380,2910,2389,7151,9087,25284,18686,4721,6600,4330,1016,505,36.1,34.0
"2011","Hayes and Harlington","E14000737","Total",110133,9457,4907,2941,7529,1546,3219,3193,8277,9517,26080,18505,4238,5768,3663,858,435,33.7,32.0
"2011","Hendon","E14000741","Total",123805,9898,5067,3147,7811,1653,3275,2943,9703,11475,28398,20730,5343,7308,4906,1394,754,35.1,33.0
"2011","Holborn and St Pancras","E14000750","Total",135642,7437,4188,2644,6212,1159,2331,5791,16726,15190,33738,20820,5414,7680,4648,1105,559,35.0,32.0
"2011","Hornchurch and Upminster","E14000751","Total",102846,5482,3407,2161,6395,1418,2888,2477,6183,5607,19354,21039,6625,9295,7396,2155,964,41.4,42.0
"2011","Hornsey and Wood Green","E14000752","Total",125689,8156,4295,2641,6727,1287,2408,2373,7867,14188,37089,21676,5145,6628,3739,928,542,35.5,34.0
"2011","Ilford North","E14000759","Total",102589,7137,3983,2716,7021,1421,2931,2481,6409,7244,22808,19405,5163,7072,4821,1322,655,37.1,36.0
"2011","Ilford South","E14000760","Total",131035,11633,6164,3775,9242,1831,3603,3487,10180,13007,30484,20681,4717,6359,4168,1065,639,33.0,30.0
"2011","Islington North","E14000763","Total",103469,6817,3177,1997,4783,983,1876,2025,8784,14702,29522,16225,3685,5020,2821,699,353,34.5,32.0
"2011","Islington South and Finsbury","E14000764","Total",102656,5472,2723,1686,4335,852,1684,3380,11669,15042,27911,15216,3543,4865,3199,744,335,34.6,31.0
"2011","Kensington","E14000768","Total",117209,6904,3594,2176,4956,881,1831,2476,8681,12399,33657,20828,5805,7591,3873,983,574,37.1,35.0
"2011","Kingston and Surbiton","E14000770","Total",118002,7823,3936,2241,6046,1322,2444,3585,10197,9593,28764,20767,5997,7691,5075,1609,912,37.2,35.0
"2011","Lewisham East","E14000787","Total",102206,8300,4208,2405,6076,1284,2752,2387,6364,8108,25898,18799,4130,5730,4130,1087,548,35.6,35.0
"2011","Lewisham West and Penge","E14000788","Total",105993,8724,4232,2346,5798,1170,2338,2107,6289,8604,29645,19581,4389,5645,3566,1019,540,35.6,35.0
"2011","Lewisham, Deptford","E14000789","Total",112827,8646,3873,2263,5652,1197,2282,2882,10861,13344,32438,17805,3286,4646,2746,585,321,33.1,31.0
"2011","Leyton and Wanstead","E14000790","Total",104183,8041,3766,2239,5412,1095,2387,2169,9136,12493,26853,16720,4042,5181,3304,859,486,34.4,32.0
"2011","Mitcham and Morden","E14000823","Total",103298,7733,3930,2304,6156,1308,2740,2550,7265,9654,25892,18248,4271,5902,3932,957,456,35.4,34.0
"2011","Old Bexley and Sidcup","E14000869","Total",86168,4814,2762,1892,5291,1196,2377,2212,5541,4914,16449,17557,5080,7813,5914,1566,790,40.8,41.0
"2011","Orpington","E14000872","Total",88607,5436,3248,1956,5411,1160,2455,1858,4413,4096,16962,18278,5974,9033,6227,1442,658,41.4,43.0
"2011","Poplar and Limehouse","E14000882","Total",128745,10499,5205,3039,6768,1374,2559,2837,13874,19817,37788,14973,2963,3839,2474,522,214,30.6,29.0
"2011","Putney","E14000887","Total",93396,6506,2888,1745,4052,755,1487,2210,7053,12853,27145,13655,3629,4838,3126,917,537,35.2,32.0
"2011","Richmond Park","E14000896","Total",116846,8770,4527,2733,6331,1229,2289,2243,6301,8000,30848,21989,6026,8017,5015,1593,935,37.8,37.0
"2011","Romford","E14000900","Total",95894,5944,3359,2037,5544,1187,2444,2291,6289,6877,19696,18913,5703,7777,5639,1507,687,39.4,39.0
"2011","Ruislip, Northwood and Pinner","E14000906","Total",93716,5492,3233,1942,5484,1121,2389,1790,4691,5356,19101,19500,5986,8708,6307,1683,933,41.4,42.0
"2011","Streatham","E14000978","Total",115046,8576,3931,2336,5420,1071,2094,1821,9311,16134,34062,17739,3433,4769,3121,813,415,33.7,32.0
"2011","Sutton and Cheam","E14000984","Total",94824,6105,3198,1961,5474,1170,2330,1758,5057,6709,22553,18449,5322,7263,5148,1517,810,39.3,39.0
"2011","Tooting","E14000998","Total",106890,7794,3377,2022,4691,832,1804,1977,8372,15218,32776,15436,3514,4848,2971,800,458,34.2,32.0
"2011","Tottenham","E14001002","Total",129237,9956,5503,3336,8507,1662,3192,3331,10968,13874,34269,20009,4098,5947,3634,648,303,32.8,31.0
"2011","Twickenham","E14001005","Total",112202,8409,4170,2466,5991,1214,2310,2313,6152,7311,28704,22254,6101,7556,4919,1437,895,38.1,38.0
"2011","Uxbridge and South Ruislip","E14001007","Total",101217,6626,3527,2232,5740,1133,2444,4010,10443,7789,22251,17756,4554,6501,4520,1098,593,36.2,34.0
"2011","Vauxhall","E14001008","Total",114033,6147,3306,2073,5096,1047,1878,2227,12154,19104,31782,17667,3257,4618,2761,656,260,33.8,31.0
"2011","Walthamstow","E14001013","Total",111263,10166,4865,2690,6306,1280,2500,2368,8370,11793,30808,17466,3563,4792,3071,779,446,33.1,32.0
"2011","West Ham","E14001032","Total",158142,12334,6043,3790,9634,2077,3945,4117,17154,21635,39572,22516,4532,6111,3516,804,362,31.7,29.0
"2011","Westminster North","E14001036","Total",116771,7818,3908,2332,5620,1044,2138,2083,7962,13924,34760,18341,4428,6553,4214,1097,549,35.7,33.0
"2011","Wimbledon","E14001040","Total",96395,7097,3295,1878,4318,834,1678,1299,5187,10223,27771,16434,4506,5978,4033,1148,716,37.2,35.0
"2011","Aldershot","E14000530","Total",103922,7315,3942,2245,6038,1329,2760,2498,7277,7875,24616,19531,5318,7304,4156,1116,602,37.0,36.0
"2011","Arundel and South Downs","E14000534","Total",97267,4747,3093,2128,5819,1131,2369,1821,3757,3370,16507,21515,7780,12003,7797,2181,1249,44.8,47.0
"2011","Ashford","E14000536","Total",112940,7555,4187,2886,7522,1503,3052,2785,6042,6295,22791,22211,7193,10192,6127,1702,897,39.4,40.0
"2011","Aylesbury","E14000538","Total",108027,7749,4095,2557,6713,1436,2708,2300,5868,7064,24537,21668,6010,8173,5133,1277,739,38.1,38.0
"2011","Banbury","E14000539","Total",117928,8473,4403,2670,7306,1485,2942,2598,6372,8173,26359,23245,6841,9279,5589,1433,760,38.3,38.0
"2011","Basingstoke","E14000545","Total",107996,7860,4007,2472,6683,1427,2711,2204,6485,8512,26035,20571,5642,7416,4401,1083,487,36.9,36.0
"2011","Beaconsfield","E14000550","Total",99387,5868,3456,2201,5971,1213,2506,1963,4421,4936,19313,21540,6466,9898,6853,1805,977,41.9,43.0
"2011","Bexhill and Battle","E14000557","Total",100727,4638,2972,1973,5940,1114,2529,1973,4093,3852,15353,20794,8394,12933,9338,2945,1886,46.2,48.0
"2011","Bognor Regis and Littlehampton","E14000576","Total",98433,5275,2815,1778,4829,1051,2090,2356,5621,5666,17508,18854,7038,11696,8105,2337,1414,43.9,45.0
"2011","Bracknell","E14000586","Total",104849,7207,3817,2375,6578,1471,2986,2282,5998,7010,23575,21801,5904,7511,4531,1198,605,37.9,38.0
"2011","Brighton, Kemptown","E14000597","Total",91567,4643,2704,1820,4753,981,2144,3606,9018,6269,18280,16934,5117,7706,5232,1528,832,39.4,38.0
"2011","Brighton, Pavilion","E14000598","Total",103593,5433,2940,1877,4747,891,1896,4808,14311,9528,24937,17304,4231,5313,3746,1025,606,35.5,33.0
"2011","Buckingham","E14000608","Total",97184,5191,3465,2272,6511,1368,2847,2009,4217,3961,18317,22839,7075,9435,5462,1458,757,41.4,44.0
"2011","Canterbury","E14000619","Total",109280,5154,3096,1991,5796,1226,2589,6968,14135,6596,17374,18577,6498,9729,6498,1975,1078,39.0,36.0
"2011","Chatham and Aylesford","E14000626","Total",97281,6804,3730,2286,6335,1322,2800,2536,6495,6705,20854,18863,5515,7504,4100,959,473,37.3,37.0
"2011","Chesham and Amersham","E14000631","Total",92635,5473,3510,2350,6339,1284,2524,1751,3693,3706,17124,20649,6264,9332,6141,1635,860,41.6,44.0
"2011","Chichester","E14000633","Total",104374,5206,3075,2052,5538,1150,2156,2724,5839,4821,17368,21172,7724,12557,9041,2555,1396,44.4,46.0
"2011","Crawley","E14000652","Total",106597,8071,4074,2412,6244,1247,2652,2320,6816,9044,25372,19715,5162,6267,5154,1421,626,36.8,35.0
"2011","Dartford","E14000659","Total",103200,6971,3915,2377,6270,1424,2613,2298,6452,7280,22655,19820,5594,7924,5519,1374,714,38.3,38.0
"2011","Dover","E14000670","Total",97620,5607,3133,2007,5805,1309,2604,2252,5240,5379,17619,20274,7051,10250,6353,1735,1002,41.8,43.0
"2011","East Hampshire","E14000680","Total",95282,5304,3241,2231,6108,1302,2695,2065,4442,4399,17825,21002,6599,9447,5905,1720,997,41.7,43.0
"2011","East Surrey","E14000681","Total",105074,6404,3614,2226,6552,1340,2764,2152,5299,5343,21168,22511,6980,9620,6326,1727,1048,40.9,42.0
"2011","East Worthing and Shoreham","E14000682","Total",96024,5744,3181,2036,5315,1268,2333,2020,4809,5012,19298,19183,6355,9743,6722,1963,1042,42.0,43.0
"2011","Eastbourne","E14000684","Total",106852,5606,3150,2010,5795,1220,2643,2721,6349,6255,19305,19758,7293,11237,8910,2867,1733,43.3,43.0
"2011","Eastleigh","E14000685","Total",103763,6627,3610,2206,6056,1330,2632,2309,6289,6368,21893,21786,6423,8610,5512,1395,717,39.5,40.0
"2011","Epsom and Ewell","E14000694","Total",104197,6265,3712,2414,6617,1346,2767,2311,5376,5101,21262,21682,6836,9330,6306,1838,1034,40.7,41.0
"2011","Esher and Walton","E14000697","Total",109074,7768,4440,2761,7037,1333,2791,2024,4365,5028,24217,22979,6430,8806,6101,1915,1079,39.7,41.0
"2011","Fareham","E14000699","Total",97504,5038,3120,2045,5917,1177,2491,2187,5166,4933,18987,20905,6653,9922,6478,1655,830,41.9,43.0
"2011","Faversham and Mid Kent","E14000700","Total",92804,5813,3311,2156,5853,1208,2484,2116,4639,4750,17814,19507,6505,9092,5445,1384,727,40.7,42.0
"2011","Folkestone and Hythe","E14000704","Total",112985,6212,3507,2353,6647,1382,2908,2581,6403,5766,20331,22802,8628,12210,7712,2231,1312,42.4,44.0
"2011","Gillingham and Rainham","E14000711","Total",98830,6188,3497,2345,6386,1298,2772,3233,7088,6208,19503,19631,6040,8029,4780,1188,644,38.3,38.0
"2011","Gosport","E14000713","Total",96699,5965,3316,2042,5715,1313,2444,2181,5574,5878,18382,19537,6355,9102,6312,1696,887,40.8,41.0
"2011","Gravesham","E14000715","Total",101720,6647,3894,2381,6529,1305,2942,2476,6502,6618,20673,19589,5874,8517,5725,1348,700,38.7,39.0
"2011","Guildford","E14000719","Total",105647,6058,3431,2092,5713,1152,2663,3958,9700,7448,21626,19359,5893,8074,5755,1711,1014,38.7,37.0
"2011","Hastings and Rye","E14000735","Total",107984,6205,3334,2130,6225,1334,2810,2667,6461,6210,20073,22129,7934,10679,6714,1953,1126,41.5,42.0
"2011","Havant","E14000736","Total",91875,5245,3050,1909,5537,1205,2380,2199,5146,4964,16037,18860,6176,9593,6878,1770,926,42.1,43.0
"2011","Henley","E14000742","Total",97812,5568,3436,2209,6034,1261,2387,1944,4167,4550,18884,21175,6919,10394,6251,1723,910,42.1,44.0
"2011","Horsham","E14000753","Total",103692,5947,3670,2342,7007,1481,3106,2183,4671,5114,21178,22758,6676,8928,6102,1612,917,40.5,42.0
"2011","Hove","E14000755","Total",99753,6089,3213,1863,5039,981,2066,1832,5939,8368,26292,18638,4863,6846,4958,1705,1061,39.0,38.0
"2011","Isle of Wight","E14000762","Total",138265,6412,3945,2597,7968,1754,3492,2944,6808,6690,23176,28531,10994,17112,10772,3257,1813,44.4,46.0
"2011","Lewes","E14000786","Total",88192,4417,2791,1807,4942,1015,2075,1811,3935,3914,14778,18586,6739,10434,7489,2141,1318,44.7,46.0
"2011","Maidenhead","E14000803","Total",101770,6683,3721,2426,6010,1194,2535,1777,4637,5696,22161,20887,6415,9372,5856,1548,852,40.3,41.0
"2011","Maidstone and The Weald","E14000804","Total",100048,5907,3331,2088,6277,1271,2746,2136,5778,6716,20637,19858,6356,8987,5589,1505,866,40.0,40.0
"2011","Meon Valley","E14000811","Total",89863,4551,3048,1922,5444,1159,2326,1924,4329,3993,16095,20361,6610,9765,6125,1461,750,42.6,45.0
"2011","Mid Sussex","E14000817","Total",105781,6455,3796,2375,6476,1300,2617,1981,5070,6118,22129,21930,6850,9483,6279,1800,1122,40.7,41.0
"2011","Milton Keynes North","E14000821","Total",121798,9538,4755,2800,7237,1541,3007,2487,7154,10541,28768,23550,6747,7579,4271,1206,617,36.4,35.0
"2011","Milton Keynes South","E14000822","Total",127023,10370,5508,3405,8568,1670,3332,2683,6902,9055,30780,24490,6422,7888,4223,1165,562,35.7,35.0
"2011","Mole Valley","E14000824","Total",95033,5063,3234,2177,5946,1240,2494,1803,3913,4029,17624,21243,6783,9958,6702,1801,1023,42.7,44.0
"2011","New Forest East","E14000827","Total",92346,4944,2920,1867,5189,1179,2188,2012,4699,4458,16618,20004,6858,9906,6743,1775,986,43.0,45.0
"2011","New Forest West","E14000828","Total",84116,3648,2180,1545,4476,1000,1800,1547,3447,3086,12567,17057,7031,11520,8641,2906,1665,47.6,50.0
"2011","Newbury","E14000830","Total",107491,7199,3840,2389,6908,1469,2986,2246,5193,6229,23305,22713,6675,8750,5275,1506,808,39.3,40.0
"2011","North East Hampshire","E14000844","Total",96089,6014,3714,2338,6133,1196,2414,1761,4219,4529,20600,20889,6339,8866,5081,1309,687,40.3,41.0
"2011","North Thanet","E14000852","Total",93505,5419,3124,2040,5820,1250,2359,2182,4832,4836,16103,18252,6833,10270,6919,2067,1199,42.5,44.0
"2011","North West Hampshire","E14000857","Total",100986,6183,3532,2310,6180,1366,2513,2135,4950,4995,20184,22256,6975,9651,5476,1472,808,40.7,42.0
"2011","Oxford East","E14000873","Total",120705,7730,3728,2209,5325,1032,2290,6935,19210,13679,24996,16608,4410,6268,4301,1303,681,33.7,29.0
"2011","Oxford West and Abingdon","E14000874","Total",105985,5840,3216,2052,6088,1370,3066,3079,7184,8171,21249,20631,6362,8867,6115,1730,965,39.7,39.0
"2011","Portsmouth North","E14000883","Total",97425,6789,3616,2281,6365,1326,2616,2533,6030,6674,20063,19214,5458,7492,4822,1405,741,38.2,38.0
"2011","Portsmouth South","E14000884","Total",107631,6759,3354,1780,4562,968,2012,6501,16731,10317,21461,15872,4362,6369,4388,1387,808,35.0,30.0
"2011","Reading East","E14000889","Total",108794,7541,3537,2045,5362,1159,2320,4138,11610,10183,26005,17569,4606,6708,4291,1129,591,35.6,33.0
"2011","Reading West","E14000890","Total",101477,7643,3816,2340,6010,1245,2510,2176,5933,7895,23771,19230,5148,7288,4680,1181,611,37.4,36.0
"2011","Reigate","E14000893","Total",100833,6776,3767,2341,6157,1188,2411,1907,4954,6027,22815,19946,6023,7977,5566,1869,1109,39.7,40.0
"2011","Rochester and Strood","E14000898","Total",105271,6546,3789,2438,6391,1336,2936,3210,7525,6879,21876,20662,6313,8624,4943,1195,608,38.3,38.0
"2011","Romsey and Southampton North","E14000901","Total",88240,4439,2669,1750,4876,1028,2083,4276,7289,4658,15677,17598,6020,8280,5378,1410,809,40.5,41.0
"2011","Runnymede and Weybridge","E14000907","Total",102311,6392,3413,2093,5425,1065,2175,3228,7711,5520,22148,20201,5855,8342,6018,1779,946,39.7,39.0
"2011","Sevenoaks","E14000918","Total",93431,5784,3500,2186,5813,1142,2637,1900,4296,4326,18494,19536,6536,8942,5992,1514,833,41.1,42.0
"2011","Sittingbourne and Sheppey","E14000927","Total",108105,7022,3871,2567,7032,1467,2972,2640,6422,6678,21106,21643,7258,9857,5586,1313,671,39.2,40.0
"2011","Slough","E14000930","Total",134048,12229,6021,3590,8729,1702,3515,3022,9134,12768,34104,21942,4915,6359,4376,1076,566,33.5,32.0
"2011","South Thanet","E14000948","Total",96600,5686,3183,2052,6199,1199,2536,2433,5255,5058,16573,19047,7079,10322,6744,2032,1202,42.1,43.0
"2011","South West Surrey","E14000953","Total",103129,6437,3882,2392,6520,1419,2769,2229,4453,4600,21075,21210,6584,9808,6557,1944,1250,41.1,42.0
"2011","Southampton, Itchen","E14000955","Total",102731,6869,3278,1945,5141,1158,2172,4005,10897,8816,21002,17914,4923,7477,5040,1423,671,37.1,34.0
"2011","Southampton, Test","E14000956","Total",105955,7203,3440,2050,5225,1134,2126,3541,13814,10657,23161,16488,4733,6197,4238,1266,682,35.3,31.0
"2011","Spelthorne","E14000959","Total",95598,6017,3200,1965,5175,1152,2260,1984,5179,5940,20700,19735,5611,8507,5841,1547,785,40.4,41.0
"2011","Surrey Heath","E14000983","Total",105624,6338,3821,2414,6517,1313,2656,2131,5137,5724,22894,22549,6542,9441,5955,1411,781,40.2,41.0
"2011","Tonbridge and Malling","E14000997","Total",98975,6119,3958,2526,6754,1403,2990,2141,4457,4302,20037,20766,6330,9052,5985,1413,742,40.1,41.0
"2011","Tunbridge Wells","E14001004","Total",105070,6866,3934,2475,6732,1348,2782,2015,5159,6486,22767,20981,6335,8668,5877,1663,982,39.6,40.0
"2011","Wantage","E14001015","Total",106589,7083,3869,2480,6526,1380,2506,2203,5352,6214,22583,21947,6535,9501,5972,1578,860,39.9,40.0
"2011","Wealden","E14001023","Total",101372,5440,3497,2274,6361,1337,2724,2296,4502,4420,17398,22264,7665,11078,6992,1943,1181,42.8,45.0
"2011","Winchester","E14001041","Total",97303,5509,3157,2010,5707,1200,2822,3059,6760,4751,18270,18921,6370,9351,6469,1860,1087,41.0,41.0
"2011","Windsor","E14001042","Total",102327,6726,3844,2377,6605,1447,2914,1898,4956,6107,23528,20989,5569,7883,5290,1405,789,38.9,39.0
"2011","Witney","E14001046","Total",104779,6362,3529,2230,6056,1290,2530,2178,5308,6043,21209,21835,6947,10113,6409,1756,984,41.1,42.0
"2011","Woking","E14001047","Total",105870,7788,4018,2434,5907,1230,2395,2026,5432,7394,25022,20517,5842,7976,5457,1593,839,38.6,38.0
"2011","Wokingham","E14001048","Total",101114,6974,3883,2426,6399,1322,2678,2085,4916,5715,23290,21161,6005,7769,4625,1215,651,38.6,39.0
"2011","Worthing West","E14001055","Total",94724,5041,2669,1683,4505,929,1858,1824,4505,4875,17131,17881,6760,11185,8942,3062,1874,45.5,46.0
"2011","Wycombe","E14001056","Total",108050,7551,4273,2760,7018,1425,2911,2923,7775,7940,24106,19725,5427,7852,4660,1112,592,36.7,35.0
"2011","Bath","E14000547","Total",88859,4411,2438,1570,4123,898,1783,4879,11716,6280,16642,15368,4606,6739,4994,1575,837,38.4,36.0
"2011","Bournemouth East","E14000584","Total",102152,6140,2967,1807,5020,1040,2037,2557,7477,8165,23001,18742,5742,7928,6109,2102,1318,40.0,38.0
"2011","Bournemouth West","E14000585","Total",98968,5162,2472,1574,4368,886,1904,4143,10970,7939,19520,16405,5518,8419,6472,2057,1159,39.9,37.0
"2011","Bridgwater and West Somerset","E14000595","Total",106450,5786,3138,2035,5967,1328,2671,2349,5900,5591,17700,22416,8156,12308,7819,2222,1064,43.3,45.0
"2011","Bristol East","E14000599","Total",95368,6841,3264,1938,5130,1078,2091,2440,7112,7589,21533,17135,4959,7202,4712,1530,814,38.1,36.0
"2011","Bristol North West","E14000600","Total",100809,7209,3615,2200,5814,1166,2351,3746,7007,6946,20029,18056,5709,8002,5855,2011,1093,38.8,37.0
"2011","Bristol South","E14000601","Total",107365,7861,3846,2294,5817,1181,2401,2482,7677,9611,24225,18974,5324,7793,5721,1439,719,37.6,35.0
"2011","Bristol West","E14000602","Total",124692,7722,3646,2034,4942,983,2079,5043,22575,16606,29373,16622,4086,4728,2947,818,488,32.3,28.0
"2011","Camborne and Redruth","E14000616","Total",85436,4795,2660,1671,4893,993,1944,2687,4753,4210,15648,17277,6499,9571,5680,1434,721,42.1,43.0
"2011","Central Devon","E14000623","Total",88926,4506,2828,1813,5107,1141,2128,1753,3705,3642,15364,19965,7236,10630,6423,1756,929,44.0,46.0
"2011","Cheltenham","E14000630","Total",104867,5892,3186,2024,5678,1242,2632,3120,8608,8644,22051,19179,5522,8261,5843,1937,1048,39.1,37.0
"2011","Chippenham","E14000635","Total",96336,5792,3487,2158,6265,1287,2714,2148,4665,4832,19301,20265,6209,8979,5743,1590,901,40.7,42.0
"2011","Christchurch","E14000638","Total",83596,3367,2119,1381,4134,894,1799,1553,3420,2972,11912,16136,7015,12480,9778,2979,1657,48.9,52.0
"2011","Devizes","E14000665","Total",97028,6279,3457,2237,5757,1278,2667,2579,6481,6270,19051,19289,5971,8433,5221,1315,743,39.2,39.0
"2011","East Devon","E14000678","Total",93956,4462,2677,1682,5058,1071,2225,1996,4225,4132,15321,18688,7307,12026,8759,2713,1614,45.8,48.0
"2011","Exeter","E14000698","Total",105998,6003,3070,1848,4742,987,2099,5717,13526,8243,20592,17994,5328,7530,5589,1781,949,37.7,34.0
"2011","Filton and Bradley Stoke","E14000702","Total",92651,6188,3125,1918,5325,1179,2253,3119,6430,6554,20300,17706,4780,7278,4682,1198,616,38.2,38.0
"2011","Forest of Dean","E14000705","Total",86167,4222,2625,1704,5033,1111,2499,2128,4387,3718,14991,19053,6804,9908,5653,1518,813,43.1,45.0
"2011","Gloucester","E14000712","Total",112156,7739,4041,2598,6731,1423,2938,2830,7895,8288,23867,21638,5963,8512,5408,1544,741,37.9,37.0
"2011","Kingswood","E14000774","Total",87190,5522,3094,1933,5200,1173,2277,1987,4920,5337,18183,17602,5033,7808,5267,1234,620,39.8,40.0
"2011","Mid Dorset and North Poole","E14000815","Total",80793,3899,2576,1672,4867,1120,2274,1737,3939,3459,13659,17802,6328,8909,6130,1623,799,43.4,45.0
"2011","Newton Abbot","E14000835","Total",85699,4168,2440,1584,4678,1037,2097,1941,4277,4010,14270,18238,6807,10052,6701,2175,1224,44.5,46.0
"2011","North Cornwall","E14000837","Total",87562,4556,2613,1645,4872,1090,2063,1923,4120,4237,15011,18126,7141,10749,6523,1795,1098,44.0,46.0
"2011","North Devon","E14000838","Total",93667,5014,2930,1871,5286,1188,2317,2070,4821,4565,16192,19366,7239,10937,6856,1911,1104,43.3,45.0
"2011","North Dorset","E14000839","Total",95831,5059,3091,2014,5889,1315,2710,2092,4564,4159,16838,20033,7240,10780,7014,2034,999,43.0,45.0
"2011","North East Somerset","E14000846","Total",87157,4827,2754,1938,5445,1173,2342,2207,4279,3861,15758,18705,6196,9189,5987,1674,822,42.2,44.0
"2011","North Somerset","E14000850","Total",98278,5408,3210,2156,5736,1221,2294,1817,4062,4387,18425,21224,7311,11062,6965,1951,1049,43.2,45.0
"2011","North Swindon","E14000851","Total",107337,7527,4107,2514,6448,1343,2537,2209,6246,7527,25427,20552,5726,8182,5089,1311,592,38.0,38.0
"2011","North Wiltshire","E14000860","Total",88566,5249,3244,2075,5754,1169,2354,1877,4059,4109,17512,19655,6122,8523,4913,1297,654,40.8,42.0
"2011","Plymouth, Moor View","E14000879","Total",91528,6034,3336,2062,5475,1229,2362,2457,5476,5758,17001,18097,5925,8935,5446,1311,624,39.9,40.0
"2011","Plymouth, Sutton and Devonport","E14000880","Total",110199,6254,2870,1759,4940,1049,2287,5191,16254,10476,21383,18687,5253,7062,4655,1320,759,36.4,32.0
"2011","Poole","E14000881","Total",95242,5691,2979,1766,4721,997,2038,2008,5091,6024,19394,18307,6194,9353,7242,2182,1255,42.4,42.0
"2011","Salisbury","E14000912","Total",91498,5255,3076,1977,5448,1154,2163,1941,4530,5016,17329,19283,6114,9053,6338,1838,983,42.0,43.0
"2011","Somerton and Frome","E14000932","Total",103233,5285,3366,2247,6554,1358,2777,2161,4633,4300,17504,22990,8330,11622,7047,1983,1076,43.2,45.0
"2011","South Dorset","E14000936","Total",91999,4602,2668,1847,4948,1044,2143,2150,5205,4563,15935,19236,7188,10754,6796,1917,1003,43.6,45.0
"2011","South East Cornwall","E14000938","Total",88096,4208,2547,1725,5121,1124,2148,1859,3879,3781,14783,19944,7840,10698,6191,1553,695,44.1,47.0
"2011","South Swindon","E14000947","Total",101819,6556,3444,2208,5985,1250,2604,2481,6613,7548,22911,21275,5264,6978,4810,1305,587,38.1,38.0
"2011","South West Devon","E14000950","Total",88825,4766,2758,1867,5294,1145,2239,1921,4183,4133,15994,19212,6767,9899,6153,1595,899,42.9,45.0
"2011","South West Wiltshire","E14000954","Total",97553,5798,3324,2164,6052,1232,2534,2100,4985,5244,18404,19922,6830,10082,6241,1685,956,41.5,42.0
"2011","St Austell and Newquay","E14000961","Total",99026,5579,3022,2003,5694,1219,2404,2176,5194,5367,18486,19940,7177,10896,6805,1920,1144,42.5,43.0
"2011","St Ives","E14000964","Total",85067,4075,2417,1652,4646,1033,1906,1793,3933,4100,14327,18157,7438,10342,6382,1805,1061,44.5,47.0
"2011","Stroud","E14000980","Total",99816,5451,3216,2191,5991,1296,2743,2108,4743,4515,19197,22111,7265,10173,6245,1691,880,42.0,44.0
"2011","Taunton Deane","E14000988","Total",110187,6266,3572,2271,6389,1580,3117,2525,6226,6047,20244,22434,7504,10824,7647,2261,1280,41.8,43.0
"2011","Tewkesbury","E14000990","Total",98134,5543,3091,1979,5500,1118,2349,2055,4985,5018,19054,20960,6779,10422,6559,1841,881,42.3,43.0
"2011","The Cotswolds","E14000991","Total",95844,4591,2900,1985,5546,1104,2313,2122,4340,3811,16879,21370,7406,10934,7268,2140,1135,44.2,46.0
"2011","Thornbury and Yate","E14000994","Total",82926,4215,2748,1790,5333,1187,2428,1996,4108,3715,15491,18274,5935,8954,4886,1216,650,41.7,43.0
"2011","Tiverton and Honiton","E14000996","Total",97830,4986,2953,1952,5588,1212,2359,1877,4280,4442,16288,19912,7808,12357,8110,2450,1256,44.7,47.0
"2011","Torbay","E14000999","Total",97132,5138,2877,1788,5135,1175,2331,2119,5265,5280,17065,19849,7249,10762,7313,2350,1436,43.6,45.0
"2011","Torridge and West Devon","E14001000","Total",97183,4663,2791,1936,5457,1173,2382,1946,4447,3957,15766,21400,8425,12385,7346,2031,1078,44.7,47.0
"2011","Totnes","E14001001","Total",82799,3511,2299,1565,4495,1002,1891,1667,3592,3365,12051,17963,7594,11408,7212,2081,1103,46.4,49.0
"2011","Truro and Falmouth","E14001003","Total",89289,4258,2520,1703,4860,1093,2117,2284,6589,4813,15770,17910,6688,9782,6330,1748,824,42.6,43.0
"2011","Wells","E14001026","Total",103319,5174,3185,2033,6449,1506,3284,2399,5078,4491,17504,22222,7684,11353,7530,2233,1194,43.1,45.0
"2011","West Dorset","E14001031","Total",95460,4138,2541,1813,5399,1248,2562,1881,4094,3457,14590,20374,7997,12591,8731,2542,1502,46.2,49.0
"2011","Weston-Super-Mare","E14001038","Total",104288,6245,3471,2187,5843,1175,2455,2364,5429,5976,19861,20333,7343,11009,7078,2224,1295,42.1,43.0
"2011","Yeovil","E14001060","Total",106783,6206,3447,2193,5950,1305,2519,2429,6198,6079,19786,20841,7633,11356,7545,2154,1142,42.1,43.0
"2011","Ynys Mon","W07000041","Total",69751,3878,2082,1382,3746,773,1680,1398,3863,3603,12050,14189,5461,8574,5046,1249,777,43.4,45.0
"2011","Delyn","W07000042","Total",70001,4094,2286,1482,4139,880,1861,1532,3845,3543,12667,14971,5550,7527,4107,1018,499,41.6,43.0
"2011","Alyn and Deeside","W07000043","Total",82505,5255,2812,1793,4858,1045,2212,1967,5125,5004,16909,16361,5479,7772,4277,1042,594,39.7,40.0
"2011","Wrexham","W07000044","Total",70741,4471,2410,1436,3969,792,1614,1799,4723,4872,14112,13740,4616,6645,3973,984,585,40.0,40.0
"2011","Llanelli","W07000045","Total",81245,5014,2693,1767,4857,1020,2049,1908,4903,4617,14714,16486,5450,8270,5297,1479,721,41.1,42.0
"2011","Gower","W07000046","Total",77819,4151,2589,1706,4620,900,1835,1574,3677,4057,14616,16121,5619,8550,5493,1482,829,42.7,44.0
"2011","Swansea West","W07000047","Total",80668,3606,2043,1329,3632,787,1592,4450,11665,5570,13919,13694,4472,6825,5124,1340,620,39.0,36.0
"2011","Swansea East","W07000048","Total",80536,5353,2859,1913,4962,946,1985,1980,5178,5932,16496,15498,4885,6781,4284,993,491,38.6,38.0
"2011","Aberavon","W07000049","Total",66133,3645,2091,1323,3803,818,1775,1502,3975,4325,12653,13815,4295,6306,4147,1107,553,41.0,41.0
"2011","Cardiff Central","W07000050","Total",88097,4290,2105,1329,3534,710,1557,5870,20372,9057,15268,11457,3388,4598,3144,914,504,33.5,27.0
"2011","Cardiff North","W07000051","Total",88114,5325,2853,1763,4907,1097,2143,3643,6247,5620,17366,17556,5025,6864,5323,1671,711,39.5,39.0
"2011","Rhondda","W07000052","Total",69576,4081,2334,1422,4096,882,1817,1723,4605,4447,12715,13804,4606,6838,4425,1184,597,40.7,41.0
"2011","Torfaen","W07000053","Total",81108,4962,2834,1736,5058,1090,2360,2010,5073,5111,15195,16549,5367,7459,4523,1171,610,39.8,40.0
"2011","Monmouth","W07000054","Total",83733,4093,2536,1688,5115,1042,2378,1770,3834,3447,14052,18776,6413,9601,6400,1681,907,43.8,46.0
"2011","Newport East","W07000055","Total",77892,5146,2768,1839,5065,1047,2185,2254,5516,5065,15036,15297,4364,6477,4351,1032,450,38.5,38.0
"2011","Newport West","W07000056","Total",85401,5360,3013,1947,5468,1066,2216,2270,5517,5169,17223,16350,5300,7721,4749,1333,699,39.4,40.0
"2011","Arfon","W07000057","Total",60573,3620,1953,1229,3329,658,1398,2994,6841,3674,11006,10691,3534,5091,3237,856,462,38.2,37.0
"2011","Aberconwy","W07000058","Total",56415,2796,1558,1003,3089,634,1383,1212,2899,2668,9516,11557,4435,6773,4900,1319,673,44.6,46.0
"2011","Clwyd West","W07000059","Total",73920,3813,2265,1474,4182,930,1906,1529,3633,3383,12051,15441,5623,8871,6093,1667,1059,44.3,46.0
"2011","Vale of Clwyd","W07000060","Total",71101,4244,2308,1512,4258,890,1908,1767,4075,3552,12540,14042,5247,7992,4888,1221,657,41.9,43.0
"2011","Dwyfor Meirionnydd","W07000061","Total",61301,3199,1795,1201,3281,686,1386,1226,2878,2798,9708,12650,4999,8039,5328,1422,705,45.0,47.0
"2011","Clwyd South","W07000062","Total",71629,4667,2581,1537,4129,949,1800,1541,4119,4279,14125,14559,4940,6786,4047,1052,518,40.2,41.0
"2011","Montgomeryshire","W07000063","Total",63779,3370,2021,1320,3916,852,1645,1351,3280,2859,10853,13634,5048,7353,4462,1208,607,43.0,45.0
"2011","Ceredigion","W07000064","Total",75922,3472,2015,1331,3642,770,1607,4255,8191,3614,11283,14463,5574,8418,5151,1406,730,41.7,42.0
"2011","Preseli Pembrokeshire","W07000065","Total",76587,4327,2458,1555,4636,972,1914,1732,4258,3775,12846,16039,5783,8847,5440,1346,659,42.6,44.0
"2011","Carmarthen West and South Pembrokeshire","W07000066","Total",77338,4098,2449,1521,4434,938,1991,1966,4621,3785,12749,15873,5983,8852,5687,1563,828,43.0,45.0
"2011","Carmarthen East and Dinefwr","W07000067","Total",71046,3655,2124,1488,4098,987,1805,1544,3526,3214,11678,15390,5657,8754,5074,1350,702,43.6,46.0
"2011","Brecon and Radnorshire","W07000068","Total",69197,3212,1938,1361,4031,872,1818,1429,3185,3018,10965,14936,5816,8879,5464,1477,796,44.8,47.0
"2011","Neath","W07000069","Total",73679,3954,2409,1493,4217,884,1824,1717,4137,4377,13957,15584,5188,7556,4590,1188,604,41.6,43.0
"2011","Cynon Valley","W07000070","Total",68952,4410,2381,1480,4251,832,1797,1752,4548,4319,13018,13573,4609,6674,3786,997,525,39.8,40.0
"2011","Merthyr Tydfil and Rhymney","W07000071","Total",75220,4663,2422,1608,4491,954,2086,1901,4994,5283,14195,15162,4868,6931,4132,1003,527,39.7,40.0
"2011","Blaenau Gwent","W07000072","Total",69814,4016,2223,1334,4053,867,1946,1832,4636,4284,13569,13958,4619,6965,4015,993,504,40.5,41.0
"2011","Bridgend","W07000073","Total",79873,4318,2595,1612,4802,887,1998,1818,4713,4845,15998,16268,5119,7852,4990,1362,696,41.1,41.0
"2011","Ogmore","W07000074","Total",74738,4466,2645,1711,4539,908,1941,1723,4403,4707,15292,15458,4948,7112,3715,827,343,39.6,40.0
"2011","Pontypridd","W07000075","Total",80449,4901,2799,1740,4566,924,1842,2435,6143,4939,16539,15311,5306,7297,4139,1067,501,39.3,39.0
"2011","Caerphilly","W07000076","Total",86980,5782,3172,2071,5407,1098,2269,2062,5191,5549,17684,17340,5595,7908,4391,1002,459,39.0,39.0
"2011","Islwyn","W07000077","Total",75408,4498,2576,1700,4569,930,1971,1871,4594,4560,14881,15118,5132,7182,4225,1102,499,40.1,40.0
"2011","Vale of Glamorgan","W07000078","Total",97733,5804,3334,2134,6199,1308,2757,2434,5458,5481,18537,20459,6543,9496,5605,1489,695,40.5,41.0
"2011","Cardiff West","W07000079","Total",91027,6456,3324,2063,5486,1154,2264,2321,5769,7068,19411,17711,4982,6834,4331,1256,597,37.9,37.0
"2011","Cardiff South and Penarth","W07000080","Total",107455,7836,3776,2317,6314,1389,2596,2779,7714,10258,23502,19352,5047,7280,5081,1507,707,36.9,34.0
